CHR	SNP	OA	EA	EAF	BP
4	4:119012842_A_C	C	A	0.234319	119012842
4	4:119013229_A_G	G	A	0.897828	119013229
4	4:119013489_A_G	G	A	0.684321	119013489
4	4:119013589_C_T	T	C	0.31555	119013589
4	4:119013946_A_T	T	A	0.690611	119013946
4	4:119014491_A_G	G	A	0.815995	119014491
4	4:119014497_C_T	T	C	0.309504	119014497
4	4:119014506_A_G	G	A	0.960317	119014506
4	4:119015572_C_T	T	C	0.309165	119015572
4	4:119015984_A_C	C	A	0.81538	119015984
4	4:119016011_C_T	T	C	0.894379	119016011
4	4:119016205_C_T	T	C	0.959878	119016205
4	4:119016250_A_C	C	A	0.500883	119016250
4	4:119017010_A_G	G	A	0.802212	119017010
4	4:119017173_A_T	T	A	0.309071	119017173
4	4:119017706_A_G	G	A	0.815333	119017706
4	4:119018083_A_G	G	A	0.069975	119018083
4	4:119019390_A_G	G	A	0.50503	119019390
4	4:119019558_C_CTG	CTG	C	0.277705	119019558
4	4:119020244_G_T	T	G	0.691085	119020244
4	4:119020357_A_G	G	A	0.813086	119020357
4	4:119020468_A_T	T	A	0.308962	119020468
4	4:119020482_A_G	G	A	0.309889	119020482
4	4:119020980_G_GA	GA	G	0.107067	119020980
4	4:119021000_A_G	G	A	0.81445	119021000
4	4:119021484_G_GA	GA	G	0.686765	119021484
4	4:119022045_A_C	C	A	0.993577	119022045
4	4:119022125_C_G	G	C	0.967985	119022125
4	4:119022337_A_C	C	A	0.992235	119022337
4	4:119022553_A_G	G	A	0.309832	119022553
4	4:119023164_A_G	G	A	0.308976	119023164
4	4:119023411_C_CT	CT	C	0.817746	119023411
4	4:119023456_G_T	T	G	0.499335	119023456
4	4:119023745_A_G	G	A	0.817161	119023745
4	4:119024043_A_C	C	A	0.994325	119024043
4	4:119024159_C_T	T	C	0.81738	119024159
4	4:119024686_T_TA	TA	T	0.501528	119024686
4	4:119025551_G_T	T	G	0.907609	119025551
4	4:119025634_C_G	G	C	0.863496	119025634
4	4:119025698_C_T	T	C	0.935518	119025698
4	4:119025875_C_CAAAA	CAAAA	C	0.00549926	119025875
4	4:119025880_C_T	T	C	0.00549926	119025880
4	4:119025944_A_C	C	A	0.987433	119025944
4	4:119025980_C_T	T	C	0.629814	119025980
4	4:119026033_A_G	G	A	0.716122	119026033
4	4:119026207_A_G	G	A	0.726712	119026207
4	4:119026806_A_AAAG	AAAG	A	0.385626	119026806
4	4:119026830_C_G	G	C	0.272922	119026830
4	4:119026891_A_C	C	A	0.761242	119026891
4	4:119028193_A_G	G	A	0.360515	119028193
4	4:119028717_C_T	T	C	0.399524	119028717
4	4:119028773_A_AT	AT	A	0.2234	119028773
4	4:119028805_A_C	C	A	0.764445	119028805
4	4:119029031_A_G	G	A	0.775831	119029031
4	4:119029200_A_G	G	A	0.661955	119029200
4	4:119030492_A_G	G	A	0.134128	119030492
4	4:119031800_C_T	T	C	0.89921	119031800
4	4:119032554_A_G	G	A	0.994678	119032554
4	4:119032959_A_G	G	A	0.938104	119032959
4	4:119032994_A_G	G	A	0.991423	119032994
4	4:119033043_C_T	T	C	0.98848	119033043
4	4:119033261_C_T	T	C	0.137765	119033261
4	4:119033378_G_T	T	G	0.862785	119033378
4	4:119033555_A_G	G	A	0.666758	119033555
4	4:119033787_C_T	T	C	0.863229	119033787
4	4:119034477_A_G	G	A	0.590184	119034477
4	4:119034502_C_G	G	C	0.300776	119034502
4	4:119034632_A_G	G	A	0.300359	119034632
4	4:119034691_C_G	G	C	0.224211	119034691
4	4:119034921_C_G	G	C	0.224187	119034921
4	4:119034934_A_G	G	A	0.224842	119034934
4	4:119035395_C_T	T	C	0.993686	119035395
4	4:119035530_C_T	T	C	0.135989	119035530
4	4:119036532_C_T	T	C	0.988231	119036532
4	4:119037250_A_T	T	A	0.0122147	119037250
4	4:119037654_C_T	T	C	0.863695	119037654
4	4:119037878_C_G	G	C	0.775642	119037878
4	4:119038297_A_AG	AG	A	0.020222	119038297
4	4:119039106_C_T	T	C	0.684451	119039106
4	4:119039178_A_T	T	A	0.21954	119039178
4	4:119039663_C_T	T	C	0.200077	119039663
4	4:119039919_G_T	T	G	0.991119	119039919
4	4:119040155_C_G	G	C	0.690055	119040155
4	4:119040245_A_T	T	A	0.112378	119040245
4	4:119040950_A_G	G	A	0.887471	119040950
4	4:119041586_A_G	G	A	0.211133	119041586
4	4:119042092_A_ACAGG	ACAGG	A	0.788502	119042092
4	4:119042197_A_T	T	A	0.211511	119042197
4	4:119042236_A_T	T	A	0.0067694	119042236
4	4:119042270_C_CG	CG	C	0.63732	119042270
4	4:119042371_A_G	G	A	0.887995	119042371
4	4:119042491_A_C	C	A	0.690088	119042491
4	4:119043379_A_T	T	A	0.027812	119043379
4	4:119043387_A_G	G	A	0.211693	119043387
4	4:119043441_C_T	T	C	0.309443	119043441
4	4:119043655_C_T	T	C	0.211788	119043655
4	4:119043675_A_C	C	A	0.788251	119043675
4	4:119043830_C_T	T	C	0.99487	119043830
4	4:119044600_A_G	G	A	0.789986	119044600
4	4:119045502_C_T	T	C	0.361746	119045502
4	4:119045563_A_G	G	A	0.361652	119045563
4	4:119046322_T_TA	TA	T	0.896758	119046322
4	4:119046750_A_G	G	A	0.675112	119046750
4	4:119046810_C_T	T	C	0.324698	119046810
4	4:119047068_A_AT	AT	A	0.309675	119047068
4	4:119047557_T_TA	TA	T	0.309717	119047557
4	4:119049014_A_G	G	A	0.155355	119049014
4	4:119049048_A_G	G	A	0.324493	119049048
4	4:119049435_C_T	T	C	0.965058	119049435
4	4:119049515_C_T	T	C	0.11158	119049515
4	4:119049888_C_T	T	C	0.638851	119049888
4	4:119050079_C_T	T	C	0.992794	119050079
4	4:119050556_C_T	T	C	0.98614	119050556
4	4:119050637_A_G	G	A	0.52145300000000006	119050637
4	4:119051184_C_G	G	C	0.88869	119051184
4	4:119051288_C_T	T	C	0.642058	119051288
4	4:119051315_A_G	G	A	0.3248	119051315
4	4:119051334_C_T	T	C	0.841877	119051334
4	4:119051424_C_T	T	C	0.636047	119051424
4	4:119051486_C_T	T	C	0.639212	119051486
4	4:119052935_A_T	T	A	0.700434	119052935
4	4:119053090_A_G	G	A	0.993415	119053090
4	4:119053119_A_G	G	A	0.108472	119053119
4	4:119053242_A_G	G	A	0.407032	119053242
4	4:119053385_C_T	T	C	0.59195	119053385
4	4:119053588_C_G	G	C	0.0213951	119053588
4	4:119053600_A_C	C	A	0.407604	119053600
4	4:119053834_A_G	G	A	0.408327	119053834
4	4:119055004_C_T	T	C	0.990906	119055004
4	4:119055161_A_T	T	A	0.180166	119055161
4	4:119055266_C_T	T	C	0.989775	119055266
4	4:119055450_A_G	G	A	0.0271213	119055450
4	4:119057118_C_T	T	C	0.00603862	119057118
4	4:119057973_T_TA	TA	T	0.11624	119057973
4	4:119058088_A_G	G	A	0.112398	119058088
4	4:119058161_C_T	T	C	0.0540571	119058161
4	4:119058178_G_T	T	G	0.883556	119058178
4	4:119058264_C_CT	CT	C	0.883602	119058264
4	4:119058623_A_C	C	A	0.883516	119058623
4	4:119058625_C_T	T	C	0.883516	119058625
4	4:119058638_A_C	C	A	0.883502	119058638
4	4:119058720_A_G	G	A	0.116459	119058720
4	4:119058752_C_T	T	C	0.987773	119058752
4	4:119058791_A_T	T	A	0.803819	119058791
4	4:119058976_G_T	T	G	0.883543	119058976
4	4:119059346_G_T	T	G	0.297297	119059346
4	4:119059385_A_G	G	A	0.882608	119059385
4	4:119059435_C_T	T	C	0.887102	119059435
4	4:119059485_C_T	T	C	0.822095	119059485
4	4:119059508_C_T	T	C	0.117264	119059508
4	4:119059597_C_T	T	C	0.297563	119059597
4	4:119059889_A_G	G	A	0.882676	119059889
4	4:119059931_C_T	T	C	0.882635	119059931
4	4:119059970_C_T	T	C	0.883765	119059970
4	4:119060141_A_G	G	A	0.882622	119060141
4	4:119060209_C_T	T	C	0.882653	119060209
4	4:119060454_A_ATTC	ATTC	A	0.883192	119060454
4	4:119060526_C_T	T	C	0.117445	119060526
4	4:119060673_G_T	T	G	0.119181	119060673
4	4:119060823_C_T	T	C	0.882725	119060823
4	4:119060973_C_CA	CA	C	0.117622	119060973
4	4:119061343_A_G	G	A	0.88366	119061343
4	4:119061458_C_T	T	C	0.572413	119061458
4	4:119061462_C_T	T	C	0.177844	119061462
4	4:119061983_C_T	T	C	0.00506757	119061983
4	4:119062038_A_G	G	A	0.883837	119062038
4	4:119062148_C_T	T	C	0.822263	119062148
4	4:119062355_A_G	G	A	0.296806	119062355
4	4:119062745_G_T	T	G	0.883719	119062745
4	4:119062970_C_T	T	C	0.993352	119062970
4	4:119063035_G_T	T	G	0.116653	119063035
4	4:119063077_A_G	G	A	0.883497	119063077
4	4:119063142_A_C	C	A	0.945362	119063142
4	4:119063334_C_T	T	C	0.985259	119063334
4	4:119063335_A_G	G	A	0.11735	119063335
4	4:119063535_A_G	G	A	0.115805	119063535
4	4:119063536_A_C	C	A	0.115806	119063536
4	4:119063981_C_T	T	C	0.179129	119063981
4	4:119064298_C_T	T	C	0.505535	119064298
4	4:119064345_A_G	G	A	0.611523	119064345
4	4:119064348_C_T	T	C	0.00532738	119064348
4	4:119064402_A_G	G	A	0.611524	119064402
4	4:119064795_C_CT	CT	C	0.116287	119064795
4	4:119064938_C_T	T	C	0.883663	119064938
4	4:119065202_A_G	G	A	0.177733	119065202
4	4:119065452_C_G	G	C	0.115211	119065452
4	4:119065966_G_T	T	G	0.178486	119065966
4	4:119066057_C_T	T	C	0.887955	119066057
4	4:119066204_A_C	C	A	0.821368	119066204
4	4:119066417_C_T	T	C	0.115523	119066417
4	4:119066546_A_C	C	A	0.115387	119066546
4	4:119066550_C_T	T	C	0.884247	119066550
4	4:119066585_G_T	T	G	0.115534	119066585
4	4:119066672_C_T	T	C	0.115514	119066672
4	4:119066728_C_G	G	C	0.0204004	119066728
4	4:119066880_C_T	T	C	0.950911	119066880
4	4:119067352_C_G	G	C	0.157435	119067352
4	4:119067406_A_G	G	A	0.115522	119067406
4	4:119067638_C_T	T	C	0.884376	119067638
4	4:119067639_A_G	G	A	0.884353	119067639
4	4:119067644_C_T	T	C	0.884353	119067644
4	4:119067686_A_G	G	A	0.389193	119067686
4	4:119067781_G_T	T	G	0.884445	119067781
4	4:119067862_T_TC	TC	T	0.109212	119067862
4	4:119068040_C_T	T	C	0.702606	119068040
4	4:119068045_C_G	G	C	0.100963	119068045
4	4:119068097_A_G	G	A	0.297394	119068097
4	4:119068326_C_T	T	C	0.884594	119068326
4	4:119068346_A_T	T	A	0.884486	119068346
4	4:119068367_A_G	G	A	0.882563	119068367
4	4:119068402_C_T	T	C	0.0072815	119068402
4	4:119068443_C_G	G	C	0.884257	119068443
4	4:119068478_A_G	G	A	0.884247	119068478
4	4:119068746_A_C	C	A	0.11486	119068746
4	4:119069003_A_G	G	A	0.113502	119069003
4	4:119069601_A_G	G	A	0.810657	119069601
4	4:119069673_A_AG	AG	A	0.387536	119069673
4	4:119069785_C_T	T	C	0.607795	119069785
4	4:119070212_G_T	T	G	0.1227	119070212
4	4:119070403_A_G	G	A	0.392475	119070403
4	4:119070538_A_G	G	A	0.120228	119070538
4	4:119071201_C_T	T	C	0.0219589	119071201
4	4:119071531_C_G	G	C	0.188971	119071531
4	4:119071667_A_G	G	A	0.607757	119071667
4	4:119071884_A_G	G	A	0.120471	119071884
4	4:119071930_C_T	T	C	0.956872	119071930
4	4:119072191_A_G	G	A	0.994437	119072191
4	4:119072253_G_T	T	G	0.607694	119072253
4	4:119072266_G_T	T	G	0.879524	119072266
4	4:119072330_C_G	G	C	0.607672	119072330
4	4:119072507_A_G	G	A	0.879765	119072507
4	4:119072728_C_T	T	C	0.392322	119072728
4	4:119072878_A_G	G	A	0.291315	119072878
4	4:119072941_G_T	T	G	0.392357	119072941
4	4:119073399_A_G	G	A	0.612381	119073399
4	4:119073600_A_G	G	A	0.988595	119073600
4	4:119073686_C_G	G	C	0.810945	119073686
4	4:119073704_C_T	T	C	0.607542	119073704
4	4:119073764_A_C	C	A	0.607664	119073764
4	4:119073898_A_G	G	A	0.392347	119073898
4	4:119073904_C_T	T	C	0.612158	119073904
4	4:119074045_C_T	T	C	0.708626	119074045
4	4:119074068_A_G	G	A	0.392178	119074068
4	4:119074079_C_T	T	C	0.879657	119074079
4	4:119074346_C_G	G	C	0.810031	119074346
4	4:119074683_A_G	G	A	0.39176	119074683
4	4:119074814_A_G	G	A	0.618095	119074814
4	4:119074970_A_G	G	A	0.391379	119074970
4	4:119075002_A_G	G	A	0.291045	119075002
4	4:119075420_A_C	C	A	0.391288	119075420
4	4:119076397_C_T	T	C	0.291213	119076397
4	4:119076473_A_G	G	A	0.074048	119076473
4	4:119076495_A_G	G	A	0.810941	119076495
4	4:119076732_A_G	G	A	0.687104	119076732
4	4:119076733_C_G	G	C	0.687128	119076733
4	4:119076757_A_C	C	A	0.706074	119076757
4	4:119076778_C_T	T	C	0.977134	119076778
4	4:119076795_A_T	T	A	0.97848	119076795
4	4:119076845_G_T	T	G	0.0121652	119076845
4	4:119076857_C_T	T	C	0.0100708	119076857
4	4:119076902_A_G	G	A	0.607752	119076902
4	4:119076979_A_G	G	A	0.392226	119076979
4	4:119077165_A_G	G	A	0.612895	119077165
4	4:119077617_C_T	T	C	0.391398	119077617
4	4:119077618_A_G	G	A	0.391096	119077618
4	4:119078387_A_G	G	A	0.705413	119078387
4	4:119078955_A_C	C	A	0.607869	119078955
4	4:119078956_G_T	T	G	0.879673	119078956
4	4:119078980_C_T	T	C	0.607853	119078980
4	4:119079219_A_G	G	A	0.607634	119079219
4	4:119079236_C_G	G	C	0.607486	119079236
4	4:119079375_C_T	T	C	0.612528	119079375
4	4:119079422_G_T	T	G	0.0344302	119079422
4	4:119079438_A_G	G	A	0.607699	119079438
4	4:119079449_A_C	C	A	0.607708	119079449
4	4:119079534_A_C	C	A	0.392354	119079534
4	4:119079646_A_G	G	A	0.00797658	119079646
4	4:119079670_A_G	G	A	0.994014	119079670
4	4:119079693_A_G	G	A	0.189323	119079693
4	4:119079794_A_T	T	A	0.484909	119079794
4	4:119079998_A_T	T	A	0.00764212	119079998
4	4:119080728_A_G	G	A	0.561633	119080728
4	4:119080759_A_T	T	A	0.438161	119080759
4	4:119080761_C_T	T	C	0.438209	119080761
4	4:119081441_C_G	G	C	0.990955	119081441
4	4:119081582_A_C	C	A	0.117698	119081582
4	4:119081584_C_G	G	C	0.433076	119081584
4	4:119081651_C_T	T	C	0.433139	119081651
4	4:119081760_G_GT	GT	G	0.432479	119081760
4	4:119082422_A_C	C	A	0.433205	119082422
4	4:119082490_C_G	G	C	0.985753	119082490
4	4:119082594_A_G	G	A	0.433179	119082594
4	4:119082692_A_G	G	A	0.433179	119082692
4	4:119082700_C_T	T	C	0.296996	119082700
4	4:119083896_C_T	T	C	0.734665	119083896
4	4:119083911_C_T	T	C	0.734635	119083911
4	4:119083946_C_T	T	C	0.433098	119083946
4	4:119083951_A_G	G	A	0.882219	119083951
4	4:119083992_C_T	T	C	0.734603	119083992
4	4:119084311_C_T	T	C	0.0207017	119084311
4	4:119084527_C_T	T	C	0.965694	119084527
4	4:119084659_A_G	G	A	0.266217	119084659
4	4:119084704_C_T	T	C	0.265334	119084704
4	4:119084742_C_T	T	C	0.566851	119084742
4	4:119085022_A_G	G	A	0.147045	119085022
4	4:119085490_C_T	T	C	0.037231	119085490
4	4:119085581_A_C	C	A	0.702996	119085581
4	4:119085603_G_GTCTA	GTCTA	G	0.0104825	119085603
4	4:119085696_A_T	T	A	0.73465	119085696
4	4:119086795_C_G	G	C	0.26537	119086795
4	4:119086992_A_C	C	A	0.857976	119086992
4	4:119087072_C_T	T	C	0.430943	119087072
4	4:119087221_A_G	G	A	0.430226	119087221
4	4:119087335_A_C	C	A	0.347842	119087335
4	4:119087414_C_T	T	C	0.387555	119087414
4	4:119087528_G_T	T	G	0.588327	119087528
4	4:119087538_G_T	T	G	0.411709	119087538
4	4:119087588_A_G	G	A	0.588196	119087588
4	4:119087676_A_C	C	A	0.588175	119087676
4	4:119087682_C_T	T	C	0.808871	119087682
4	4:119087907_A_T	T	A	0.581727	119087907
4	4:119087992_A_G	G	A	0.612357	119087992
4	4:119088013_A_G	G	A	0.581778	119088013
4	4:119088037_A_T	T	A	0.418302	119088037
4	4:119088486_C_T	T	C	0.416668	119088486
4	4:119088952_A_G	G	A	0.612402	119088952
4	4:119089159_C_T	T	C	0.269884	119089159
4	4:119089265_A_G	G	A	0.581734	119089265
4	4:119089285_G_T	T	G	0.814019	119089285
4	4:119089501_C_T	T	C	0.581794	119089501
4	4:119089569_C_T	T	C	0.581801	119089569
4	4:119089613_A_C	C	A	0.186125	119089613
4	4:119089763_A_G	G	A	0.581804	119089763
4	4:119089814_A_G	G	A	0.612418	119089814
4	4:119089945_A_G	G	A	0.853204	119089945
4	4:119089962_C_T	T	C	0.730328	119089962
4	4:119090385_C_T	T	C	0.265988	119090385
4	4:119090387_A_G	G	A	0.391695	119090387
4	4:119090390_C_T	T	C	0.418234	119090390
4	4:119090629_A_G	G	A	0.0133025	119090629
4	4:119090690_C_T	T	C	0.980812	119090690
4	4:119090721_A_G	G	A	0.184896	119090721
4	4:119090808_A_G	G	A	0.874608	119090808
4	4:119090924_C_T	T	C	0.418225	119090924
4	4:119090979_A_G	G	A	0.146809	119090979
4	4:119091043_G_T	T	G	0.81522	119091043
4	4:119091504_A_G	G	A	0.577723	119091504
4	4:119091574_C_T	T	C	0.985297	119091574
4	4:119091599_A_C	C	A	0.577766	119091599
4	4:119091636_C_T	T	C	0.577822	119091636
4	4:119091836_A_G	G	A	0.146873	119091836
4	4:119092002_C_T	T	C	0.852081	119092002
4	4:119092116_C_G	G	C	0.724908	119092116
4	4:119092359_A_AT	AT	A	0.874884	119092359
4	4:119092435_A_C	C	A	0.148162	119092435
4	4:119092636_C_T	T	C	0.0437884	119092636
4	4:119092654_C_T	T	C	0.85199	119092654
4	4:119092978_C_T	T	C	0.852117	119092978
4	4:119093024_C_T	T	C	0.148414	119093024
4	4:119093213_C_T	T	C	0.148542	119093213
4	4:119093977_T_TTC	TTC	T	0.393161	119093977
4	4:119094122_C_T	T	C	0.135938	119094122
4	4:119094285_C_T	T	C	0.146941	119094285
4	4:119094538_C_T	T	C	0.00507538	119094538
4	4:119094644_C_T	T	C	0.00507538	119094644
4	4:119094731_C_T	T	C	0.994924	119094731
4	4:119094907_C_T	T	C	0.991905	119094907
4	4:119095462_C_T	T	C	0.773242	119095462
4	4:119095859_C_T	T	C	0.722561	119095859
4	4:119096058_C_T	T	C	0.00962236	119096058
4	4:119096450_A_G	G	A	0.986454	119096450
4	4:119096522_C_T	T	C	0.29058	119096522
4	4:119096526_C_T	T	C	0.707208	119096526
4	4:119096609_C_T	T	C	0.304099	119096609
4	4:119096631_A_G	G	A	0.595646	119096631
4	4:119096668_A_T	T	A	0.0139123	119096668
4	4:119096669_A_C	C	A	0.986088	119096669
4	4:119096670_A_G	G	A	0.0139126	119096670
4	4:119096900_A_G	G	A	0.705177	119096900
4	4:119096909_A_G	G	A	0.294785	119096909
4	4:119096927_A_C	C	A	0.536569	119096927
4	4:119097012_A_G	G	A	0.22228	119097012
4	4:119097155_G_GTAT	GTAT	G	0.0136216	119097155
4	4:119097579_A_G	G	A	0.296936	119097579
4	4:119098326_C_T	T	C	0.70256	119098326
4	4:119098505_C_T	T	C	0.702002	119098505
4	4:119098640_C_G	G	C	0.297474	119098640
4	4:119098658_A_T	T	A	0.702528	119098658
4	4:119098732_A_G	G	A	0.489588	119098732
4	4:119098814_C_T	T	C	0.297476	119098814
4	4:119098906_A_C	C	A	0.297476	119098906
4	4:119099040_C_T	T	C	0.297431	119099040
4	4:119099316_A_G	G	A	0.702597	119099316
4	4:119099370_A_T	T	A	0.702556	119099370
4	4:119099553_C_CT	CT	C	0.958305	119099553
4	4:119099647_C_G	G	C	0.51043	119099647
4	4:119099660_T_TA	TA	T	0.0141717	119099660
4	4:119099743_C_T	T	C	0.702524	119099743
4	4:119099831_C_T	T	C	0.702564	119099831
4	4:119100055_C_T	T	C	0.702524	119100055
4	4:119100115_A_T	T	A	0.986079	119100115
4	4:119100470_T_TAA	TAA	T	0.0543792	119100470
4	4:119100537_C_T	T	C	0.986107	119100537
4	4:119100726_A_G	G	A	0.48944	119100726
4	4:119100834_A_T	T	A	0.0266613	119100834
4	4:119101530_A_G	G	A	0.702456	119101530
4	4:119101868_A_G	G	A	0.708321	119101868
4	4:119101883_A_G	G	A	0.0113609	119101883
4	4:119102317_C_T	T	C	0.297004	119102317
4	4:119102631_A_G	G	A	0.00971245	119102631
4	4:119102918_A_G	G	A	0.70294	119102918
4	4:119102938_A_G	G	A	0.297014	119102938
4	4:119103108_C_T	T	C	0.510557	119103108
4	4:119103270_C_T	T	C	0.707565	119103270
4	4:119103550_C_T	T	C	0.818647	119103550
4	4:119103664_C_T	T	C	0.297001	119103664
4	4:119103719_C_T	T	C	0.292431	119103719
4	4:119103737_A_G	G	A	0.296967	119103737
4	4:119103847_C_T	T	C	0.688478	119103847
4	4:119103978_A_G	G	A	0.0113307	119103978
4	4:119103984_A_ATT	ATT	A	0.292225	119103984
4	4:119104189_A_T	T	A	0.986213	119104189
4	4:119104222_C_T	T	C	0.296985	119104222
4	4:119104712_C_CTA	CTA	C	0.296546	119104712
4	4:119104804_C_T	T	C	0.703033	119104804
4	4:119104864_C_T	T	C	0.703225	119104864
4	4:119104948_C_G	G	C	0.703033	119104948
4	4:119105011_C_T	T	C	0.48965	119105011
4	4:119105184_C_T	T	C	0.703027	119105184
4	4:119105313_C_T	T	C	0.703167	119105313
4	4:119105390_A_G	G	A	0.707613	119105390
4	4:119105710_A_G	G	A	0.703435	119105710
4	4:119105907_C_T	T	C	0.296533	119105907
4	4:119105928_A_G	G	A	0.703569	119105928
4	4:119106878_A_G	G	A	0.292792	119106878
4	4:119106956_A_G	G	A	0.985678	119106956
4	4:119107325_G_T	T	G	0.0142619	119107325
4	4:119107506_A_G	G	A	0.985738	119107506
4	4:119107618_A_G	G	A	0.291983	119107618
4	4:119107695_A_C	C	A	0.707172	119107695
4	4:119107905_C_T	T	C	0.179171	119107905
4	4:119108177_A_G	G	A	0.0138353	119108177
4	4:119108538_C_T	T	C	0.986156	119108538
4	4:119108686_A_G	G	A	0.179188	119108686
4	4:119108907_A_C	C	A	0.0107982	119108907
4	4:119109069_A_T	T	A	0.985302	119109069
4	4:119109796_C_G	G	C	0.00585107	119109796
4	4:119110283_A_G	G	A	0.961672	119110283
4	4:119110851_C_T	T	C	0.970961	119110851
4	4:119111868_A_G	G	A	0.0145761	119111868
4	4:119112077_A_G	G	A	0.99166	119112077
4	4:119112788_C_T	T	C	0.0223753	119112788
4	4:119112961_A_G	G	A	0.817567	119112961
4	4:119113162_C_T	T	C	0.182265	119113162
4	4:119113704_C_T	T	C	0.48923	119113704
4	4:119113991_C_T	T	C	0.0144187	119113991
4	4:119114025_A_G	G	A	0.181496	119114025
4	4:119114725_C_T	T	C	0.982909	119114725
4	4:119114732_A_G	G	A	0.986249	119114732
4	4:119114811_A_ATAT	ATAT	A	0.652522	119114811
4	4:119115054_C_G	G	C	0.815433	119115054
4	4:119115077_C_G	G	C	0.0124575	119115077
4	4:119115113_A_C	C	A	0.00561628	119115113
4	4:119115345_C_T	T	C	0.0141542	119115345
4	4:119116496_C_G	G	C	0.985827	119116496
4	4:119117489_A_G	G	A	0.0097146	119117489
4	4:119117652_G_GA	GA	G	0.014114	119117652
4	4:119118550_C_T	T	C	0.035432	119118550
4	4:119119196_A_G	G	A	0.0138409	119119196
4	4:119119668_A_G	G	A	0.0145551	119119668
4	4:119119834_C_G	G	C	0.98624	119119834
4	4:119119980_A_G	G	A	0.985486	119119980
4	4:119120126_G_T	T	G	0.994674	119120126
4	4:119120128_A_T	T	A	0.986237	119120128
4	4:119120160_G_T	T	G	0.0138409	119120160
4	4:119120270_A_C	C	A	0.986188	119120270
4	4:119120340_A_G	G	A	0.985486	119120340
4	4:119120624_C_T	T	C	0.985486	119120624
4	4:119120637_A_T	T	A	0.985486	119120637
4	4:119120702_A_C	C	A	0.985486	119120702
4	4:119120735_C_G	G	C	0.0138409	119120735
4	4:119120851_C_G	G	C	0.16669	119120851
4	4:119120932_A_AT	AT	A	0.0145051	119120932
4	4:119121024_C_T	T	C	0.00962409	119121024
4	4:119121064_C_T	T	C	0.0137596	119121064
4	4:119121211_C_T	T	C	0.0114485	119121211
4	4:119121244_G_T	T	G	0.014504	119121244
4	4:119121254_C_T	T	C	0.986159	119121254
4	4:119121507_A_G	G	A	0.98545	119121507
4	4:119121563_A_G	G	A	0.181511	119121563
4	4:119121650_C_G	G	C	0.0190588	119121650
4	4:119121908_A_G	G	A	0.985476	119121908
4	4:119122003_A_G	G	A	0.0144738	119122003
4	4:119122142_A_G	G	A	0.0144738	119122142
4	4:119122389_A_G	G	A	0.0144738	119122389
4	4:119122719_C_T	T	C	0.508598	119122719
4	4:119122748_A_C	C	A	0.977283	119122748
4	4:119122877_A_G	G	A	0.0144738	119122877
4	4:119123035_C_T	T	C	0.0144738	119123035
4	4:119123049_A_AGTT	AGTT	A	0.985565	119123049
4	4:119123099_A_T	T	A	0.0144049	119123099
4	4:119123244_C_T	T	C	0.985526	119123244
4	4:119123279_G_T	T	G	0.0144543	119123279
4	4:119123285_A_T	T	A	0.0144543	119123285
4	4:119123772_C_T	T	C	0.00862644	119123772
4	4:119124030_A_T	T	A	0.0145341	119124030
4	4:119124114_A_T	T	A	0.507712	119124114
4	4:119124218_G_GA	GA	G	0.815633	119124218
4	4:119124260_A_C	C	A	0.0145244	119124260
4	4:119124469_A_G	G	A	0.98536	119124469
4	4:119124585_C_T	T	C	0.98538	119124585
4	4:119124810_C_G	G	C	0.98536	119124810
4	4:119124841_A_G	G	A	0.0144999	119124841
4	4:119124888_C_G	G	C	0.98536	119124888
4	4:119124930_C_G	G	C	0.0146397	119124930
4	4:119125137_A_G	G	A	0.0146397	119125137
4	4:119125229_C_T	T	C	0.00951566	119125229
4	4:119125261_C_T	T	C	0.98531	119125261
4	4:119125270_A_G	G	A	0.98536	119125270
4	4:119125336_C_T	T	C	0.98536	119125336
4	4:119125606_A_G	G	A	0.0145714	119125606
4	4:119125704_A_G	G	A	0.985321	119125704
4	4:119125842_A_G	G	A	0.0146397	119125842
4	4:119126080_C_G	G	C	0.985299	119126080
4	4:119126145_A_G	G	A	0.49128	119126145
4	4:119126313_A_G	G	A	0.961065	119126313
4	4:119126373_A_G	G	A	0.493427	119126373
4	4:119126682_A_G	G	A	0.493688	119126682
4	4:119126703_A_T	T	A	0.483242	119126703
4	4:119126881_C_G	G	C	0.985298	119126881
4	4:119126918_A_G	G	A	0.483749	119126918
4	4:119127033_C_T	T	C	0.516463	119127033
4	4:119127164_C_T	T	C	0.991992	119127164
4	4:119127168_C_T	T	C	0.516028	119127168
4	4:119127169_A_G	G	A	0.515988	119127169
4	4:119127251_A_G	G	A	0.0144942	119127251
4	4:119127319_G_T	T	G	0.991461	119127319
4	4:119127346_A_G	G	A	0.0632882	119127346
4	4:119127403_C_T	T	C	0.51601	119127403
4	4:119127430_C_T	T	C	0.484212	119127430
4	4:119127522_A_G	G	A	0.484142	119127522
4	4:119127700_C_T	T	C	0.483849	119127700
4	4:119127729_A_G	G	A	0.484011	119127729
4	4:119127954_A_G	G	A	0.0391386	119127954
4	4:119127974_C_T	T	C	0.516905	119127974
4	4:119128503_A_G	G	A	0.502918	119128503
4	4:119128607_A_G	G	A	0.48261	119128607
4	4:119128643_A_C	C	A	0.501218	119128643
4	4:119128760_C_T	T	C	0.517609	119128760
4	4:119128775_A_G	G	A	0.0145131	119128775
4	4:119129097_C_T	T	C	0.986691	119129097
4	4:119129417_A_G	G	A	0.482559	119129417
4	4:119129418_C_T	T	C	0.517441	119129418
4	4:119129607_C_G	G	C	0.664506	119129607
4	4:119129609_C_G	G	C	0.482538	119129609
4	4:119129717_C_T	T	C	0.015907	119129717
4	4:119129891_A_C	C	A	0.0785126	119129891
4	4:119130097_A_G	G	A	0.403126	119130097
4	4:119130118_C_T	T	C	0.596955	119130118
4	4:119130227_A_G	G	A	0.417828	119130227
4	4:119130327_G_T	T	G	0.418091	119130327
4	4:119130540_A_T	T	A	0.985477	119130540
4	4:119130791_C_T	T	C	0.581668	119130791
4	4:119130833_A_G	G	A	0.598258	119130833
4	4:119131135_A_G	G	A	0.980557	119131135
4	4:119131541_C_T	T	C	0.591631	119131541
4	4:119131690_C_G	G	C	0.936321	119131690
4	4:119131958_G_T	T	G	0.50439	119131958
4	4:119132069_G_T	T	G	0.936232	119132069
4	4:119132202_A_G	G	A	0.424681	119132202
4	4:119132415_A_G	G	A	0.0136909	119132415
4	4:119132463_A_G	G	A	0.018359	119132463
4	4:119132989_G_T	T	G	0.504541	119132989
4	4:119133157_A_AAAT	AAAT	A	0.408885	119133157
4	4:119133627_C_T	T	C	0.575334	119133627
4	4:119133854_C_T	T	C	0.935947	119133854
4	4:119134208_C_T	T	C	0.987096	119134208
4	4:119134644_G_T	T	G	0.575543	119134644
4	4:119134683_C_T	T	C	0.0639129	119134683
4	4:119135660_A_G	G	A	0.443406	119135660
4	4:119135910_A_G	G	A	0.985807	119135910
4	4:119135991_G_GT	GT	G	0.986171	119135991
4	4:119136902_C_CT	CT	C	0.22357	119136902
4	4:119136911_C_T	T	C	0.717943	119136911
4	4:119137013_A_G	G	A	0.77627	119137013
4	4:119137236_A_G	G	A	0.0145989	119137236
4	4:119137694_C_T	T	C	0.993906	119137694
4	4:119137746_A_T	T	A	0.987272	119137746
4	4:119137792_C_T	T	C	0.0122817	119137792
4	4:119137833_A_C	C	A	0.0267699	119137833
4	4:119138328_C_T	T	C	0.985807	119138328
4	4:119138367_A_G	G	A	0.0142142	119138367
4	4:119138735_A_C	C	A	0.0148996	119138735
4	4:119139258_C_T	T	C	0.985465	119139258
4	4:119139470_C_T	T	C	0.973104	119139470
4	4:119139575_A_G	G	A	0.985514	119139575
4	4:119139946_G_GT	GT	G	0.290531	119139946
4	4:119140123_C_T	T	C	0.992258	119140123
4	4:119140180_C_T	T	C	0.714371	119140180
4	4:119140189_A_G	G	A	0.00742022	119140189
4	4:119141228_A_T	T	A	0.228304	119141228
4	4:119141263_A_G	G	A	0.875435	119141263
4	4:119141296_A_G	G	A	0.729669	119141296
4	4:119141597_A_T	T	A	0.994423	119141597
4	4:119141760_C_CAT	CAT	C	0.014496	119141760
4	4:119141823_A_G	G	A	0.227068	119141823
4	4:119142003_A_G	G	A	0.72973	119142003
4	4:119142308_C_CTCT	CTCT	C	0.0138007	119142308
4	4:119142376_A_G	G	A	0.057528	119142376
4	4:119142560_C_T	T	C	0.730738	119142560
4	4:119142688_A_G	G	A	0.730736	119142688
4	4:119142738_A_T	T	A	0.269065	119142738
4	4:119143722_A_G	G	A	0.994101	119143722
4	4:119144276_A_G	G	A	0.0407581	119144276
4	4:119144461_C_T	T	C	0.727592	119144461
4	4:119144488_A_T	T	A	0.272467	119144488
4	4:119144501_A_T	T	A	0.770885	119144501
4	4:119144984_A_G	G	A	0.272552	119144984
4	4:119145284_C_G	G	C	0.272564	119145284
4	4:119145484_C_G	G	C	0.026549	119145484
4	4:119145655_A_G	G	A	0.452324	119145655
4	4:119146089_A_G	G	A	0.948744	119146089
4	4:119146255_A_G	G	A	0.229261	119146255
4	4:119146282_G_T	T	G	0.727258	119146282
4	4:119146283_C_T	T	C	0.982517	119146283
4	4:119146393_A_G	G	A	0.727422	119146393
4	4:119146434_C_T	T	C	0.770798	119146434
4	4:119146548_A_G	G	A	0.22922	119146548
4	4:119146583_C_T	T	C	0.272567	119146583
4	4:119147094_C_T	T	C	0.0410582	119147094
4	4:119147478_C_T	T	C	0.27305	119147478
4	4:119147584_A_T	T	A	0.272603	119147584
4	4:119147765_G_T	T	G	0.273321	119147765
4	4:119147996_A_G	G	A	0.727388	119147996
4	4:119148308_A_G	G	A	0.272582	119148308
4	4:119148333_G_T	T	G	0.726642	119148333
4	4:119148491_A_C	C	A	0.727455	119148491
4	4:119148563_A_G	G	A	0.727434	119148563
4	4:119148694_G_T	T	G	0.727351	119148694
4	4:119148924_A_T	T	A	0.273094	119148924
4	4:119149113_G_GC	GC	G	0.272624	119149113
4	4:119149190_A_G	G	A	0.727423	119149190
4	4:119149432_A_G	G	A	0.272366	119149432
4	4:119150112_C_T	T	C	0.229005	119150112
4	4:119150260_A_G	G	A	0.272126	119150260
4	4:119150771_C_T	T	C	0.973283	119150771
4	4:119151032_A_G	G	A	0.986734	119151032
4	4:119151078_C_G	G	C	0.727847	119151078
4	4:119151083_A_G	G	A	0.272153	119151083
4	4:119151120_C_G	G	C	0.727904	119151120
4	4:119151181_A_G	G	A	0.00734939	119151181
4	4:119151430_A_G	G	A	0.041821	119151430
4	4:119151481_A_G	G	A	0.985908	119151481
4	4:119151590_A_G	G	A	0.00807538	119151590
4	4:119151710_G_T	T	G	0.0144129	119151710
4	4:119151914_A_G	G	A	0.0122218	119151914
4	4:119151998_A_G	G	A	0.271982	119151998
4	4:119152561_A_C	C	A	0.727923	119152561
4	4:119152607_A_G	G	A	0.0144141	119152607
4	4:119152670_A_T	T	A	0.973319	119152670
4	4:119152770_A_G	G	A	0.272105	119152770
4	4:119152956_C_T	T	C	0.0241645	119152956
4	4:119153170_A_G	G	A	0.00643552	119153170
4	4:119153226_C_T	T	C	0.985587	119153226
4	4:119153421_C_T	T	C	0.973283	119153421
4	4:119153532_A_G	G	A	0.973283	119153532
4	4:119153968_A_G	G	A	0.272059	119153968
4	4:119154068_A_G	G	A	0.205085	119154068
4	4:119154074_G_T	T	G	0.727897	119154074
4	4:119154189_C_G	G	C	0.727927	119154189
4	4:119154198_C_T	T	C	0.272106	119154198
4	4:119154255_A_G	G	A	0.272393	119154255
4	4:119154378_A_C	C	A	0.975736	119154378
4	4:119154557_G_T	T	G	0.726634	119154557
4	4:119154575_A_G	G	A	0.728068	119154575
4	4:119154612_A_T	T	A	0.0144029	119154612
4	4:119154648_A_G	G	A	0.994647	119154648
4	4:119154871_G_GCA	GCA	G	0.218877	119154871
4	4:119154892_A_C	C	A	0.272158	119154892
4	4:119154992_A_G	G	A	0.985918	119154992
4	4:119155034_C_T	T	C	0.727837	119155034
4	4:119155243_C_T	T	C	0.272146	119155243
4	4:119155463_A_G	G	A	0.72789	119155463
4	4:119155550_A_G	G	A	0.27212	119155550
4	4:119155561_A_C	C	A	0.27211	119155561
4	4:119155812_A_G	G	A	0.040818	119155812
4	4:119155855_A_C	C	A	0.040818	119155855
4	4:119155986_A_G	G	A	0.040818	119155986
4	4:119156065_A_G	G	A	0.272071	119156065
4	4:119156174_C_G	G	C	0.274808	119156174
4	4:119156529_A_G	G	A	0.272097	119156529
4	4:119156704_G_T	T	G	0.024255	119156704
4	4:119157128_C_CAA	CAA	C	0.0138199	119157128
4	4:119157220_G_T	T	G	0.727893	119157220
4	4:119157508_G_GT	GT	G	0.994031	119157508
4	4:119158004_A_G	G	A	0.272013	119158004
4	4:119158232_A_G	G	A	0.453189	119158232
4	4:119158564_A_G	G	A	0.959057	119158564
4	4:119158645_A_G	G	A	0.4533	119158645
4	4:119158770_A_G	G	A	0.453164	119158770
4	4:119159191_C_T	T	C	0.453153	119159191
4	4:119160136_A_G	G	A	0.45317	119160136
4	4:119160451_A_G	G	A	0.547071	119160451
4	4:119160714_C_T	T	C	0.546854	119160714
4	4:119160943_C_CTA	CTA	C	0.0434844	119160943
4	4:119161262_G_T	T	G	0.54693	119161262
4	4:119161923_A_G	G	A	0.992837	119161923
4	4:119162042_A_G	G	A	0.959011	119162042
4	4:119162286_A_G	G	A	0.00704905	119162286
4	4:119162392_A_G	G	A	0.0239619	119162392
4	4:119163203_A_T	T	A	0.024153	119163203
4	4:119163788_A_AT	AT	A	0.795715	119163788
4	4:119163795_C_G	G	C	0.726404	119163795
4	4:119163800_C_T	T	C	0.453235	119163800
4	4:119164293_A_G	G	A	0.975524	119164293
4	4:119165501_A_C	C	A	0.27472800000000003	119165501
4	4:119165728_A_C	C	A	0.45341	119165728
4	4:119165752_G_GA	GA	G	0.453202	119165752
4	4:119166038_C_CGTGT	CGTGT	C	0.0244008	119166038
4	4:119166203_C_T	T	C	0.958711	119166203
4	4:119166295_A_G	G	A	0.204874	119166295
4	4:119166543_C_T	T	C	0.546537	119166543
4	4:119166653_C_T	T	C	0.753503	119166653
4	4:119166742_A_G	G	A	0.0128471	119166742
4	4:119167387_C_T	T	C	0.546568	119167387
4	4:119167922_C_T	T	C	0.975484	119167922
4	4:119168085_C_G	G	C	0.0242766	119168085
4	4:119168627_A_G	G	A	0.0409252	119168627
4	4:119168641_A_G	G	A	0.728698	119168641
4	4:119168707_A_C	C	A	0.00603955	119168707
4	4:119168710_A_C	C	A	0.120252	119168710
4	4:119169091_C_T	T	C	0.45345	119169091
4	4:119169101_A_AAAAATTTC	AAAAATTTC	A	0.728486	119169101
4	4:119169611_C_T	T	C	0.204903	119169611
4	4:119170179_C_T	T	C	0.975924	119170179
4	4:119170933_C_T	T	C	0.546476	119170933
4	4:119171183_A_G	G	A	0.795103	119171183
4	4:119171289_A_G	G	A	0.00718824	119171289
4	4:119171816_A_AAC	AAC	A	0.47566	119171816
4	4:119172439_A_G	G	A	0.0518506	119172439
4	4:119173603_A_G	G	A	0.795163	119173603
4	4:119173641_A_G	G	A	0.00670945	119173641
4	4:119173725_C_T	T	C	0.274595	119173725
4	4:119174091_C_CG	CG	C	0.014797	119174091
4	4:119174105_A_C	C	A	0.453534	119174105
4	4:119174119_C_T	T	C	0.95895300000000006	119174119
4	4:119174132_C_T	T	C	0.975823	119174132
4	4:119174133_A_G	G	A	0.274663	119174133
4	4:119174322_A_G	G	A	0.975723	119174322
4	4:119174845_A_G	G	A	0.0157011	119174845
4	4:119175062_A_G	G	A	0.0243787	119175062
4	4:119175076_G_T	T	G	0.00732928	119175076
4	4:119175226_C_T	T	C	0.725338	119175226
4	4:119175666_C_G	G	C	0.453617	119175666
4	4:119175834_C_T	T	C	0.986785	119175834
4	4:119175862_C_G	G	C	0.988485	119175862
4	4:119176229_C_CT	CT	C	0.273791	119176229
4	4:119176843_C_T	T	C	0.980733	119176843
4	4:119177061_C_CA	CA	C	0.45352	119177061
4	4:119178462_A_T	T	A	0.725724	119178462
4	4:119178638_A_G	G	A	0.274293	119178638
4	4:119179013_C_CCTCCTTTAAGCTGTT	CCTCCTTTAAGCTGTT	C	0.00894078	119179013
4	4:119179056_A_T	T	A	0.00894078	119179056
4	4:119179435_A_G	G	A	0.981346	119179435
4	4:119180617_A_G	G	A	0.439121	119180617
4	4:119180969_A_G	G	A	0.0157859	119180969
4	4:119181134_A_G	G	A	0.546574	119181134
4	4:119181215_C_T	T	C	0.949451	119181215
4	4:119182246_C_T	T	C	0.453418	119182246
4	4:119182326_G_T	T	G	0.95917	119182326
4	4:119182397_A_G	G	A	0.975876	119182397
4	4:119182927_A_G	G	A	0.162167	119182927
4	4:119182958_A_G	G	A	0.474769	119182958
4	4:119183929_C_T	T	C	0.991311	119183929
4	4:119184046_C_T	T	C	0.980594	119184046
4	4:119184835_G_T	T	G	0.336935	119184835
4	4:119185193_C_T	T	C	0.124096	119185193
4	4:119185264_C_T	T	C	0.985092	119185264
4	4:119185265_A_G	G	A	0.735847	119185265
4	4:119185611_A_G	G	A	0.124247	119185611
4	4:119185827_C_T	T	C	0.336946	119185827
4	4:119186367_C_T	T	C	0.949094	119186367
4	4:119186528_A_G	G	A	0.264098	119186528
4	4:119186581_A_C	C	A	0.0509065	119186581
4	4:119186601_G_T	T	G	0.994483	119186601
4	4:119187108_A_G	G	A	0.264102	119187108
4	4:119187448_A_G	G	A	0.336845	119187448
4	4:119188163_C_G	G	C	0.0409135	119188163
4	4:119188285_C_T	T	C	0.736017	119188285
4	4:119188580_C_T	T	C	0.0409412	119188580
4	4:119188963_C_T	T	C	0.993133	119188963
4	4:119189629_A_G	G	A	0.682939	119189629
4	4:119189914_A_G	G	A	0.662977	119189914
4	4:119190035_A_G	G	A	0.820111	119190035
4	4:119190894_A_G	G	A	0.820107	119190894
4	4:119190943_C_G	G	C	0.337023	119190943
4	4:119191004_A_G	G	A	0.0138961	119191004
4	4:119191388_G_GT	GT	G	0.264111	119191388
4	4:119191769_C_T	T	C	0.179853	119191769
4	4:119192837_C_T	T	C	0.986303	119192837
4	4:119192945_C_G	G	C	0.876163	119192945
4	4:119193403_C_G	G	C	0.01286	119193403
4	4:119193504_C_G	G	C	0.735833	119193504
4	4:119193809_C_T	T	C	0.959473	119193809
4	4:119193920_A_C	C	A	0.663058	119193920
4	4:119194073_A_G	G	A	0.663058	119194073
4	4:119194224_G_T	T	G	0.264282	119194224
4	4:119194306_C_G	G	C	0.179791	119194306
4	4:119194991_C_G	G	C	0.95912	119194991
4	4:119195070_C_T	T	C	0.735881	119195070
4	4:119195100_C_T	T	C	0.663184	119195100
4	4:119196264_C_T	T	C	0.00785004	119196264
4	4:119196355_C_T	T	C	0.336882	119196355
4	4:119197528_A_T	T	A	0.0133247	119197528
4	4:119197637_A_G	G	A	0.663058	119197637
4	4:119198221_A_G	G	A	0.663065	119198221
4	4:119198630_A_G	G	A	0.949117	119198630
4	4:119199028_C_T	T	C	0.337222	119199028
4	4:119199298_A_G	G	A	0.662788	119199298
4	4:119199325_C_T	T	C	0.949043	119199325
4	4:119199414_C_T	T	C	0.180173	119199414
4	4:119199452_A_C	C	A	0.695159	119199452
4	4:119199775_A_T	T	A	0.695164	119199775
4	4:119201062_A_G	G	A	0.0115488	119201062
4	4:119201476_A_C	C	A	0.977771	119201476
4	4:119201756_A_T	T	A	0.336927	119201756
4	4:119201784_C_T	T	C	0.180159	119201784
4	4:119201792_C_G	G	C	0.121057	119201792
4	4:119201883_A_T	T	A	0.989857	119201883
4	4:119202262_C_G	G	C	0.875837	119202262
4	4:119202665_T_TA	TA	T	0.337296	119202665
4	4:119203150_A_G	G	A	0.672158	119203150
4	4:119203319_A_G	G	A	0.327703	119203319
4	4:119203341_C_T	T	C	0.182957	119203341
4	4:119203382_A_G	G	A	0.11462	119203382
4	4:119204168_C_T	T	C	0.994292	119204168
4	4:119204744_C_T	T	C	0.958923	119204744
4	4:119204773_G_T	T	G	0.987362	119204773
4	4:119204834_C_T	T	C	0.949008	119204834
4	4:119204840_C_CACAA	CACAA	C	0.0509921	119204840
4	4:119204932_A_G	G	A	0.94911	119204932
4	4:119205056_G_T	T	G	0.123807	119205056
4	4:119205078_C_T	T	C	0.876133	119205078
4	4:119205324_C_T	T	C	0.951857	119205324
4	4:119205706_G_T	T	G	0.0510192	119205706
4	4:119205712_C_CACTAAGAT	CACTAAGAT	C	0.630675	119205712
4	4:119205891_C_T	T	C	0.271553	119205891
4	4:119205924_C_T	T	C	0.369213	119205924
4	4:119205962_C_T	T	C	0.306785	119205962
4	4:119206545_A_G	G	A	0.0510192	119206545
4	4:119206606_C_G	G	C	0.306817	119206606
4	4:119206905_A_C	C	A	0.876161	119206905
4	4:119206963_C_T	T	C	0.0206583	119206963
4	4:119207775_A_T	T	A	0.0510102	119207775
4	4:119207958_A_C	C	A	0.948981	119207958
4	4:119208181_A_G	G	A	0.67215	119208181
4	4:119208560_C_T	T	C	0.991947	119208560
4	4:119208590_C_T	T	C	0.994863	119208590
4	4:119210184_A_T	T	A	0.369224	119210184
4	4:119210489_C_T	T	C	0.876226	119210489
4	4:119210857_A_G	G	A	0.992285	119210857
4	4:119210990_C_T	T	C	0.0410725	119210990
4	4:119211030_C_T	T	C	0.0335022	119211030
4	4:119211192_C_T	T	C	0.630883	119211192
4	4:119211365_C_G	G	C	0.877321	119211365
4	4:119211535_C_T	T	C	0.729402	119211535
4	4:119211901_C_G	G	C	0.958948	119211901
4	4:119211905_T_TA	TA	T	0.958928	119211905
4	4:119212066_G_T	T	G	0.369247	119212066
4	4:119212394_G_T	T	G	0.26873	119212394
4	4:119212557_A_G	G	A	0.630835	119212557
4	4:119212737_C_T	T	C	0.310331	119212737
4	4:119212763_A_T	T	A	0.0510713	119212763
4	4:119212999_C_T	T	C	0.959023	119212999
4	4:119213621_A_C	C	A	0.67998	119213621
4	4:119214039_A_G	G	A	0.67959	119214039
4	4:119214376_C_G	G	C	0.815327	119214376
4	4:119214746_A_G	G	A	0.875345	119214746
4	4:119214980_A_G	G	A	0.320505	119214980
4	4:119215614_A_AT	AT	A	0.0131473	119215614
4	4:119215726_A_G	G	A	0.0157563	119215726
4	4:119215996_A_G	G	A	0.0129236	119215996
4	4:119216334_C_T	T	C	0.280096	119216334
4	4:119216664_G_T	T	G	0.327564	119216664
4	4:119216809_A_G	G	A	0.875397	119216809
4	4:119216917_C_G	G	C	0.959865	119216917
4	4:119217059_T_TA	TA	T	0.980415	119217059
4	4:119217247_C_T	T	C	0.0411025	119217247
4	4:119217669_A_G	G	A	0.67953	119217669
4	4:119217983_A_T	T	A	0.0509035	119217983
4	4:119217992_A_G	G	A	0.958918	119217992
4	4:119218028_C_G	G	C	0.320464	119218028
4	4:119218211_A_G	G	A	0.0151591	119218211
4	4:119218367_C_T	T	C	0.184677	119218367
4	4:119218814_C_G	G	C	0.97934	119218814
4	4:119218998_T_TGCATA	TGCATA	T	0.680834	119218998
4	4:119219153_C_CTATTA	CTATTA	C	0.268671	119219153
4	4:119219427_A_G	G	A	0.680031	119219427
4	4:119219574_A_G	G	A	0.672654	119219574
4	4:119220165_A_G	G	A	0.12437	119220165
4	4:119220299_A_T	T	A	0.00535625	119220299
4	4:119220352_G_T	T	G	0.731699	119220352
4	4:119220461_A_G	G	A	0.184457	119220461
4	4:119220823_A_G	G	A	0.983899	119220823
4	4:119220833_C_G	G	C	0.949212	119220833
4	4:119220846_C_T	T	C	0.815561	119220846
4	4:119221064_C_T	T	C	0.00814562	119221064
4	4:119221151_C_T	T	C	0.690129	119221151
4	4:119221292_G_T	T	G	0.875678	119221292
4	4:119221647_A_G	G	A	0.319934	119221647
4	4:119221984_A_T	T	A	0.679991	119221984
4	4:119222111_A_G	G	A	0.320009	119222111
4	4:119222276_A_G	G	A	0.992152	119222276
4	4:119222703_A_G	G	A	0.320124	119222703
4	4:119222880_A_ATAT	ATAT	A	0.680812	119222880
4	4:119223208_A_G	G	A	0.0409663	119223208
4	4:119223311_A_G	G	A	0.12437	119223311
4	4:119223652_C_T	T	C	0.969654	119223652
4	4:119224660_A_C	C	A	0.947971	119224660
4	4:119224664_A_G	G	A	0.0498845	119224664
4	4:119225228_A_T	T	A	0.124315	119225228
4	4:119225279_A_G	G	A	0.948619	119225279
4	4:119225485_A_G	G	A	0.319995	119225485
4	4:119225679_G_T	T	G	0.949241	119225679
4	4:119225775_C_G	G	C	0.992687	119225775
4	4:119226305_C_T	T	C	0.679959	119226305
4	4:119226441_A_C	C	A	0.368853	119226441
4	4:119226777_C_T	T	C	0.991372	119226777
4	4:119227213_A_C	C	A	0.679804	119227213
4	4:119227315_A_G	G	A	0.986391	119227315
4	4:119227355_A_G	G	A	0.679782	119227355
4	4:119228050_A_G	G	A	0.949212	119228050
4	4:119228264_C_T	T	C	0.368794	119228264
4	4:119228507_C_G	G	C	0.680022	119228507
4	4:119228681_G_T	T	G	0.184361	119228681
4	4:119229001_A_C	C	A	0.494864	119229001
4	4:119229195_C_T	T	C	0.0144121	119229195
4	4:119229312_C_T	T	C	0.630965	119229312
4	4:119229857_A_G	G	A	0.368446	119229857
4	4:119230297_C_T	T	C	0.631084	119230297
4	4:119230339_A_G	G	A	0.268324	119230339
4	4:119230469_A_G	G	A	0.958131	119230469
4	4:119230884_C_T	T	C	0.678964	119230884
4	4:119231402_C_T	T	C	0.671431	119231402
4	4:119231754_C_G	G	C	0.676052	119231754
4	4:119233941_C_T	T	C	0.857536	119233941
4	4:119233980_C_T	T	C	0.331519	119233980
4	4:119234043_C_T	T	C	0.96744	119234043
4	4:119234120_A_G	G	A	0.993657	119234120
4	4:119234544_A_C	C	A	0.0153338	119234544
4	4:119234651_A_C	C	A	0.402253	119234651
4	4:119234662_A_G	G	A	0.668571	119234662
4	4:119234697_C_T	T	C	0.331442	119234697
4	4:119234885_C_T	T	C	0.668658	119234885
4	4:119235442_A_AT	AT	A	0.748878	119235442
4	4:119235462_A_G	G	A	0.331432	119235462
4	4:119235504_C_T	T	C	0.668578	119235504
4	4:119235738_A_T	T	A	0.0377615	119235738
4	4:119237245_A_G	G	A	0.963121	119237245
4	4:119237255_A_C	C	A	0.331398	119237255
4	4:119237345_G_T	T	G	0.331418	119237345
4	4:119237530_G_T	T	G	0.793754	119237530
4	4:119237579_C_T	T	C	0.932976	119237579
4	4:119237868_C_T	T	C	0.331375	119237868
4	4:119238179_C_T	T	C	0.668558	119238179
4	4:119238522_A_G	G	A	0.00917809	119238522
4	4:119238526_C_T	T	C	0.00703985	119238526
4	4:119238761_A_G	G	A	0.251155	119238761
4	4:119239301_T_TA	TA	T	0.808392	119239301
4	4:119239375_A_G	G	A	0.990599	119239375
4	4:119240001_C_T	T	C	0.0375787	119240001
4	4:119240425_G_T	T	G	0.668595	119240425
4	4:119240434_C_CTTAA	CTTAA	C	0.0357028	119240434
4	4:119240589_A_G	G	A	0.668459	119240589
4	4:119240906_G_T	T	G	0.963175	119240906
4	4:119241033_A_G	G	A	0.331599	119241033
4	4:119241046_C_T	T	C	0.668488	119241046
4	4:119241473_A_G	G	A	0.963175	119241473
4	4:119241511_A_AT	AT	A	0.402136	119241511
4	4:119242601_A_T	T	A	0.963185	119242601
4	4:119243148_C_T	T	C	0.331492	119243148
4	4:119243511_C_T	T	C	0.0699519	119243511
4	4:119243860_T_TATA	TATA	T	0.669391	119243860
4	4:119244471_C_G	G	C	0.0129119	119244471
4	4:119244518_C_T	T	C	0.075378	119244518
4	4:119244535_C_G	G	C	0.749102	119244535
4	4:119244597_A_G	G	A	0.935373	119244597
4	4:119244852_G_T	T	G	0.331354	119244852
4	4:119245654_A_G	G	A	0.74945	119245654
4	4:119245956_C_T	T	C	0.787864	119245956
4	4:119246128_C_T	T	C	0.963163	119246128
4	4:119246213_A_T	T	A	0.0324284	119246213
4	4:119246298_C_T	T	C	0.250535	119246298
4	4:119246311_C_G	G	C	0.668478	119246311
4	4:119246463_C_T	T	C	0.86659	119246463
4	4:119246472_G_T	T	G	0.973542	119246472
4	4:119246947_A_AT	AT	A	0.124611	119246947
4	4:119247078_A_C	C	A	0.787841	119247078
4	4:119247433_C_T	T	C	0.369532	119247433
4	4:119247682_A_G	G	A	0.250429	119247682
4	4:119247822_C_T	T	C	0.326211	119247822
4	4:119248159_G_T	T	G	0.331542	119248159
4	4:119248223_C_G	G	C	0.668556	119248223
4	4:119248751_A_T	T	A	0.986727	119248751
4	4:119248993_A_G	G	A	0.987088	119248993
4	4:119249200_A_T	T	A	0.346444	119249200
4	4:119249318_A_C	C	A	0.668448	119249318
4	4:119249696_A_G	G	A	0.331441	119249696
4	4:119249749_C_G	G	C	0.80714	119249749
4	4:119249813_C_T	T	C	0.993182	119249813
4	4:119249916_A_G	G	A	0.668458	119249916
4	4:119250187_C_G	G	C	0.787863	119250187
4	4:119250580_A_G	G	A	0.749546	119250580
4	4:119250641_A_G	G	A	0.985154	119250641
4	4:119251200_C_T	T	C	0.866657	119251200
4	4:119251388_A_G	G	A	0.669103	119251388
4	4:119251621_G_GCAAA	GCAAA	G	0.330897	119251621
4	4:119251864_G_T	T	G	0.0325283	119251864
4	4:119252090_A_G	G	A	0.67139	119252090
4	4:119252319_A_T	T	A	0.321038	119252319
4	4:119252414_A_T	T	A	0.250459	119252414
4	4:119252569_C_T	T	C	0.347077	119252569
4	4:119253298_C_T	T	C	0.669066	119253298
4	4:119253414_A_G	G	A	0.669069	119253414
4	4:119253446_G_T	T	G	0.866648	119253446
4	4:119253639_A_T	T	A	0.330888	119253639
4	4:119253997_A_G	G	A	0.669062	119253997
4	4:119254082_A_G	G	A	0.669116	119254082
4	4:119254470_A_T	T	A	0.347242	119254470
4	4:119254608_G_T	T	G	0.669079	119254608
4	4:119254653_C_T	T	C	0.967469	119254653
4	4:119254654_A_G	G	A	0.00899994	119254654
4	4:119255183_A_T	T	A	0.749591	119255183
4	4:119255745_A_G	G	A	0.320214	119255745
4	4:119255776_A_G	G	A	0.994692	119255776
4	4:119256367_G_T	T	G	0.678964	119256367
4	4:119256553_C_T	T	C	0.678954	119256553
4	4:119256805_A_T	T	A	0.669055	119256805
4	4:119257038_C_T	T	C	0.250494	119257038
4	4:119257388_C_T	T	C	0.96269	119257388
4	4:119257999_C_T	T	C	0.669126	119257999
4	4:119258257_A_G	G	A	0.00746059	119258257
4	4:119258572_G_T	T	G	0.967471	119258572
4	4:119259040_A_G	G	A	0.347152	119259040
4	4:119259102_A_G	G	A	0.321058	119259102
4	4:119259177_A_C	C	A	0.984143	119259177
4	4:119259298_C_G	G	C	0.0405	119259298
4	4:119259604_C_T	T	C	0.0368341	119259604
4	4:119259635_C_T	T	C	0.652865	119259635
4	4:119260569_A_G	G	A	0.749556	119260569
4	4:119262028_C_T	T	C	0.0325088	119262028
4	4:119262214_C_T	T	C	0.00686929	119262214
4	4:119262395_A_G	G	A	0.330749	119262395
4	4:119262509_T_TTACAG	TTACAG	T	0.330637	119262509
4	4:119262784_G_T	T	G	0.749531	119262784
4	4:119262804_A_G	G	A	0.787185	119262804
4	4:119263788_C_T	T	C	0.962902	119263788
4	4:119263793_C_T	T	C	0.330998	119263793
4	4:119263796_C_T	T	C	0.0158574	119263796
4	4:119263939_C_T	T	C	0.669086	119263939
4	4:119264394_C_T	T	C	0.00735709	119264394
4	4:119264962_C_T	T	C	0.963182	119264962
4	4:119265193_A_C	C	A	0.668941	119265193
4	4:119265205_C_CTG	CTG	C	0.331056	119265205
4	4:119265212_C_T	T	C	0.330972	119265212
4	4:119265588_C_T	T	C	0.0109419	119265588
4	4:119265913_C_T	T	C	0.534893	119265913
4	4:119265964_C_T	T	C	0.465176	119265964
4	4:119266456_C_T	T	C	0.669041	119266456
4	4:119266501_A_C	C	A	0.866566	119266501
4	4:119266713_A_T	T	A	0.752624	119266713
4	4:119267160_A_G	G	A	0.963127	119267160
4	4:119267655_C_T	T	C	0.990456	119267655
4	4:119267896_A_G	G	A	0.133505	119267896
4	4:119268039_C_T	T	C	0.670343	119268039
4	4:119268148_C_T	T	C	0.330612	119268148
4	4:119268577_A_T	T	A	0.036824	119268577
4	4:119269442_G_T	T	G	0.986029	119269442
4	4:119270576_A_G	G	A	0.990302	119270576
4	4:119270929_C_CTGTT	CTGTT	C	0.250071	119270929
4	4:119271709_C_T	T	C	0.994785	119271709
4	4:119272392_C_T	T	C	0.866214	119272392
4	4:119272482_C_T	T	C	0.866201	119272482
4	4:119272560_C_T	T	C	0.749899	119272560
4	4:119273008_A_G	G	A	0.963185	119273008
4	4:119273357_C_T	T	C	0.250448	119273357
4	4:119273519_C_T	T	C	0.994896	119273519
4	4:119273644_A_G	G	A	0.0325042	119273644
4	4:119273684_A_C	C	A	0.00652091	119273684
4	4:119278451_G_T	T	G	0.983815	119278451
4	4:119278460_C_T	T	C	0.983772	119278460
4	4:119279666_A_G	G	A	0.867369	119279666
4	4:119279684_G_T	T	G	0.867116	119279684
4	4:119279876_A_G	G	A	0.250694	119279876
4	4:119280074_A_G	G	A	0.0176711	119280074
4	4:119280097_C_G	G	C	0.331086	119280097
4	4:119280205_G_T	T	G	0.1932	119280205
4	4:119280748_C_G	G	C	0.967588	119280748
4	4:119281044_C_G	G	C	0.21357	119281044
4	4:119281232_A_G	G	A	0.330879	119281232
4	4:119281421_A_G	G	A	0.133846	119281421
4	4:119281662_A_C	C	A	0.967459	119281662
4	4:119282054_A_G	G	A	0.0152216	119282054
4	4:119282651_G_T	T	G	0.866186	119282651
4	4:119282708_A_G	G	A	0.0154126	119282708
4	4:119283395_G_T	T	G	0.0368791	119283395
4	4:119283606_A_G	G	A	0.250473	119283606
4	4:119284306_C_G	G	C	0.866193	119284306
4	4:119284347_A_G	G	A	0.866409	119284347
4	4:119285264_C_T	T	C	0.534584	119285264
4	4:119285417_A_G	G	A	0.21289	119285417
4	4:119285569_A_T	T	A	0.749406	119285569
4	4:119285921_A_G	G	A	0.787091	119285921
4	4:119285927_C_T	T	C	0.133975	119285927
4	4:119285992_G_T	T	G	0.330847	119285992
4	4:119286099_A_T	T	A	0.465641	119286099
4	4:119286114_C_T	T	C	0.866096	119286114
4	4:119286225_A_AAT	AAT	A	0.963195	119286225
4	4:119286257_C_CT	CT	C	0.537271	119286257
4	4:119287325_C_T	T	C	0.0639627	119287325
4	4:119287834_C_T	T	C	0.0369216	119287834
4	4:119287946_C_T	T	C	0.0324876	119287946
4	4:119288056_G_T	T	G	0.133879	119288056
4	4:119288214_A_G	G	A	0.990871	119288214
4	4:119288257_A_C	C	A	0.668761	119288257
4	4:119288388_A_G	G	A	0.963081	119288388
4	4:119288528_C_T	T	C	0.133995	119288528
4	4:119289016_A_C	C	A	0.0132921	119289016
4	4:119289609_A_G	G	A	0.787008	119289609
4	4:119289710_A_T	T	A	0.975129	119289710
4	4:119289885_C_G	G	C	0.668858	119289885
4	4:119289906_C_T	T	C	0.331062	119289906
4	4:119290425_C_T	T	C	0.66872	119290425
4	4:119290619_G_T	T	G	0.959236	119290619
4	4:119291052_T_TG	TG	T	0.534552	119291052
4	4:119291359_C_T	T	C	0.465656	119291359
4	4:119291366_A_G	G	A	0.786994	119291366
4	4:119291449_T_TTGTC	TTGTC	T	0.133949	119291449
4	4:119291728_G_T	T	G	0.465772	119291728
4	4:119292875_G_T	T	G	0.330804	119292875
4	4:119293004_C_T	T	C	0.992154	119293004
4	4:119293136_C_T	T	C	0.0325003	119293136
4	4:119293531_C_T	T	C	0.00785635	119293531
4	4:119293828_T_TA	TA	T	0.786485	119293828
4	4:119294159_A_G	G	A	0.534236	119294159
4	4:119294478_C_CGTTA	CGTTA	C	0.00534765	119294478
4	4:119294673_C_T	T	C	0.0142923	119294673
4	4:119294681_A_C	C	A	0.465675	119294681
4	4:119295552_C_T	T	C	0.134016	119295552
4	4:119295811_T_TA	TA	T	0.974345	119295811
4	4:119296210_A_C	C	A	0.465654	119296210
4	4:119296556_A_G	G	A	0.749547	119296556
4	4:119297608_A_AATTTTTTTGT	AATTTTTTTGT	A	0.0150359	119297608
4	4:119298084_A_T	T	A	0.33095	119298084
4	4:119298362_A_C	C	A	0.967539	119298362
4	4:119298379_C_T	T	C	0.250322	119298379
4	4:119298989_A_G	G	A	0.0140591	119298989
4	4:119299041_A_G	G	A	0.467202	119299041
4	4:119300021_C_G	G	C	0.467853	119300021
4	4:119300030_A_G	G	A	0.46862	119300030
4	4:119300270_C_G	G	C	0.75065	119300270
4	4:119300722_C_T	T	C	0.986973	119300722
4	4:119301136_A_G	G	A	0.0327066	119301136
4	4:119301141_C_T	T	C	0.970095	119301141
4	4:119301143_C_G	G	C	0.692151	119301143
4	4:119301643_A_G	G	A	0.975794	119301643
4	4:119301728_C_T	T	C	0.865457	119301728
4	4:119302660_A_G	G	A	0.96738	119302660
4	4:119303410_C_T	T	C	0.542842	119303410
4	4:119303478_G_GC	GC	G	0.234571	119303478
4	4:119303481_C_T	T	C	0.865514	119303481
4	4:119303638_A_C	C	A	0.0406663	119303638
4	4:119303808_C_T	T	C	0.967299	119303808
4	4:119304193_C_T	T	C	0.134464	119304193
4	4:119304800_A_G	G	A	0.693704	119304800
4	4:119304911_G_GC	GC	G	0.134436	119304911
4	4:119305203_A_T	T	A	0.134486	119305203
4	4:119305526_A_G	G	A	0.865549	119305526
4	4:119305595_T_TTAAC	TTAAC	T	0.322512	119305595
4	4:119305610_C_G	G	C	0.0340297	119305610
4	4:119305777_C_T	T	C	0.764693	119305777
4	4:119306245_A_G	G	A	0.0136949	119306245
4	4:119306264_A_G	G	A	0.730498	119306264
4	4:119306546_A_G	G	A	0.677559	119306546
4	4:119306880_A_G	G	A	0.744697	119306880
4	4:119306927_C_CAT	CAT	C	0.134673	119306927
4	4:119307270_C_T	T	C	0.764682	119307270
4	4:119307486_A_G	G	A	0.764635	119307486
4	4:119307998_A_G	G	A	0.764625	119307998
4	4:119308093_A_G	G	A	0.235365	119308093
4	4:119308108_G_T	T	G	0.965863	119308108
4	4:119308201_A_G	G	A	0.76465	119308201
4	4:119308408_C_T	T	C	0.865365	119308408
4	4:119308504_C_CA	CA	C	0.970472	119308504
4	4:119308604_C_G	G	C	0.234317	119308604
4	4:119309133_A_G	G	A	0.992969	119309133
4	4:119309201_A_G	G	A	0.0140766	119309201
4	4:119309291_A_G	G	A	0.765354	119309291
4	4:119309300_A_AT	AT	A	0.865396	119309300
4	4:119309337_A_AAATAATTT	AAATAATTT	A	0.307037	119309337
4	4:119309705_A_T	T	A	0.629827	119309705
4	4:119309824_A_G	G	A	0.692876	119309824
4	4:119309921_C_T	T	C	0.865379	119309921
4	4:119309942_A_G	G	A	0.134624	119309942
4	4:119309995_A_G	G	A	0.677548	119309995
4	4:119310512_C_T	T	C	0.985039	119310512
4	4:119310989_G_T	T	G	0.25527300000000003	119310989
4	4:119311303_A_T	T	A	0.865367	119311303
4	4:119311463_A_G	G	A	0.0155099	119311463
4	4:119311875_C_G	G	C	0.306963	119311875
4	4:119311966_C_T	T	C	0.629812	119311966
4	4:119311997_C_G	G	C	0.965863	119311997
4	4:119312061_A_G	G	A	0.134633	119312061
4	4:119312359_A_C	C	A	0.00913883	119312359
4	4:119312485_C_T	T	C	0.3676	119312485
4	4:119312534_A_G	G	A	0.134611	119312534
4	4:119313107_A_C	C	A	0.985143	119313107
4	4:119313247_A_G	G	A	0.370294	119313247
4	4:119313564_A_C	C	A	0.677497	119313564
4	4:119313567_C_T	T	C	0.370278	119313567
4	4:119313570_A_G	G	A	0.629722	119313570
4	4:119313970_C_T	T	C	0.370234	119313970
4	4:119314088_C_T	T	C	0.991989	119314088
4	4:119314325_A_T	T	A	0.865314	119314325
4	4:119314531_C_T	T	C	0.864629	119314531
4	4:119314743_A_G	G	A	0.692749	119314743
4	4:119314749_A_G	G	A	0.135205	119314749
4	4:119314844_A_C	C	A	0.629738	119314844
4	4:119314947_C_T	T	C	0.42486	119314947
4	4:119314948_A_G	G	A	0.424868	119314948
4	4:119315090_A_G	G	A	0.865302	119315090
4	4:119315094_C_T	T	C	0.966883	119315094
4	4:119315314_G_T	T	G	0.423625	119315314
4	4:119315475_A_T	T	A	0.341596	119315475
4	4:119316260_C_T	T	C	0.0068292	119316260
4	4:119316298_C_T	T	C	0.658947	119316298
4	4:119316329_A_T	T	A	0.693333	119316329
4	4:119316331_A_T	T	A	0.0328846	119316331
4	4:119316409_A_G	G	A	0.42692	119316409
4	4:119316419_C_T	T	C	0.573373	119316419
4	4:119316547_A_G	G	A	0.34106	119316547
4	4:119316696_A_G	G	A	0.341612	119316696
4	4:119316742_C_T	T	C	0.341444	119316742
4	4:119316921_A_AT	AT	A	0.341598	119316921
4	4:119317034_C_T	T	C	0.135105	119317034
4	4:119317068_C_T	T	C	0.0340656	119317068
4	4:119317499_A_G	G	A	0.341486	119317499
4	4:119317509_C_G	G	C	0.341522	119317509
4	4:119317625_A_C	C	A	0.658557	119317625
4	4:119317722_G_T	T	G	0.658474	119317722
4	4:119317725_A_C	C	A	0.341522	119317725
4	4:119317763_A_C	C	A	0.341533	119317763
4	4:119317769_C_T	T	C	0.341284	119317769
4	4:119317770_A_G	G	A	0.341405	119317770
4	4:119317808_A_G	G	A	0.965855	119317808
4	4:119317919_A_G	G	A	0.658504	119317919
4	4:119318089_C_G	G	C	0.341516	119318089
4	4:119318533_T_TA	TA	T	0.974252	119318533
4	4:119318676_A_G	G	A	0.658427	119318676
4	4:119318723_A_G	G	A	0.476606	119318723
4	4:119318789_C_T	T	C	0.658767	119318789
4	4:119318976_C_T	T	C	0.341436	119318976
4	4:119319026_C_T	T	C	0.965815	119319026
4	4:119319083_C_T	T	C	0.341477	119319083
4	4:119319650_A_C	C	A	0.978522	119319650
4	4:119319779_C_T	T	C	0.341464	119319779
4	4:119320012_C_T	T	C	0.341395	119320012
4	4:119320024_C_T	T	C	0.692966	119320024
4	4:119320027_C_CT	CT	C	0.341441	119320027
4	4:119320069_A_G	G	A	0.692939	119320069
4	4:119320085_C_T	T	C	0.341358	119320085
4	4:119320313_G_GTTAAATTGCTA	GTTAAATTGCTA	G	0.341278	119320313
4	4:119320491_A_G	G	A	0.658565	119320491
4	4:119320504_C_T	T	C	0.341379	119320504
4	4:119320519_C_T	T	C	0.658665	119320519
4	4:119320535_C_G	G	C	0.98922	119320535
4	4:119320570_A_C	C	A	0.232034	119320570
4	4:119320694_A_G	G	A	0.426371	119320694
4	4:119320747_C_T	T	C	0.741756	119320747
4	4:119320990_C_T	T	C	0.658681	119320990
4	4:119321009_A_C	C	A	0.426388	119321009
4	4:119321157_C_T	T	C	0.658573	119321157
4	4:119321195_A_G	G	A	0.0328758	119321195
4	4:119321617_A_C	C	A	0.573516	119321617
4	4:119321638_C_T	T	C	0.693081	119321638
4	4:119321774_G_T	T	G	0.426477	119321774
4	4:119321880_A_G	G	A	0.341252	119321880
4	4:119322181_T_TA	TA	T	0.57356	119322181
4	4:119322197_C_T	T	C	0.967115	119322197
4	4:119322264_A_T	T	A	0.426505	119322264
4	4:119322356_C_T	T	C	0.573588	119322356
4	4:119322567_C_T	T	C	0.573654	119322567
4	4:119322797_A_G	G	A	0.982414	119322797
4	4:119322874_A_C	C	A	0.426566	119322874
4	4:119322930_A_G	G	A	0.258434	119322930
4	4:119322979_A_G	G	A	0.967115	119322979
4	4:119323078_C_G	G	C	0.018807	119323078
4	4:119323299_A_T	T	A	0.992236	119323299
4	4:119323301_G_T	T	G	0.658605	119323301
4	4:119323308_A_ATTGT	ATTGT	A	0.341358	119323308
4	4:119323327_C_T	T	C	0.658569	119323327
4	4:119323940_C_T	T	C	0.986852	119323940
4	4:119324025_A_G	G	A	0.926722	119324025
4	4:119324087_A_G	G	A	0.341062	119324087
4	4:119324354_A_G	G	A	0.0176162	119324354
4	4:119324419_C_T	T	C	0.865311	119324419
4	4:119324509_A_T	T	A	0.987719	119324509
4	4:119324587_A_G	G	A	0.0126046	119324587
4	4:119324593_A_G	G	A	0.476594	119324593
4	4:119324599_C_T	T	C	0.341441	119324599
4	4:119325307_A_G	G	A	0.967115	119325307
4	4:119325345_G_T	T	G	0.0139126	119325345
4	4:119325534_C_T	T	C	0.341357	119325534
4	4:119325540_G_T	T	G	0.341268	119325540
4	4:119325574_A_G	G	A	0.341449	119325574
4	4:119325672_A_C	C	A	0.183313	119325672
4	4:119325910_A_C	C	A	0.307076	119325910
4	4:119325972_C_T	T	C	0.977204	119325972
4	4:119326041_C_G	G	C	0.658489	119326041
4	4:119326063_A_T	T	A	0.341402	119326063
4	4:119326226_A_G	G	A	0.660104	119326226
4	4:119326435_C_T	T	C	0.341313	119326435
4	4:119326519_A_T	T	A	0.994605	119326519
4	4:119326538_C_T	T	C	0.34145	119326538
4	4:119326577_C_T	T	C	0.231975	119326577
4	4:119326672_A_G	G	A	0.658493	119326672
4	4:119326761_A_G	G	A	0.6585	119326761
4	4:119326847_C_T	T	C	0.865376	119326847
4	4:119326860_C_G	G	C	0.658479	119326860
4	4:119326929_G_GC	GC	G	0.341522	119326929
4	4:119326939_A_C	C	A	0.658478	119326939
4	4:119326954_G_T	T	G	0.994716	119326954
4	4:119327002_A_G	G	A	0.658493	119327002
4	4:119327021_C_T	T	C	0.658466	119327021
4	4:119327063_A_G	G	A	0.658479	119327063
4	4:119327105_A_G	G	A	0.307099	119327105
4	4:119327185_C_T	T	C	0.658618	119327185
4	4:119327219_C_T	T	C	0.658651	119327219
4	4:119327221_A_T	T	A	0.658622	119327221
4	4:119327223_A_G	G	A	0.658592	119327223
4	4:119327251_A_G	G	A	0.658499	119327251
4	4:119327305_G_T	T	G	0.986107	119327305
4	4:119327308_A_G	G	A	0.0162493	119327308
4	4:119327388_A_C	C	A	0.658661	119327388
4	4:119327430_A_G	G	A	0.658509	119327430
4	4:119327528_A_G	G	A	0.363065	119327528
4	4:119327777_C_T	T	C	0.967243	119327777
4	4:119327779_A_G	G	A	0.658443	119327779
4	4:119328029_C_T	T	C	0.864907	119328029
4	4:119328082_A_C	C	A	0.523332	119328082
4	4:119328085_C_T	T	C	0.341507	119328085
4	4:119328133_A_G	G	A	0.341481	119328133
4	4:119328146_C_T	T	C	0.341511	119328146
4	4:119328270_A_C	C	A	0.341447	119328270
4	4:119328344_G_T	T	G	0.341517	119328344
4	4:119328430_C_T	T	C	0.692936	119328430
4	4:119328457_A_T	T	A	0.658553	119328457
4	4:119328505_C_T	T	C	0.341573	119328505
4	4:119328775_C_T	T	C	0.965808	119328775
4	4:119329351_C_T	T	C	0.658556	119329351
4	4:119329650_A_G	G	A	0.341464	119329650
4	4:119329663_A_C	C	A	0.658465	119329663
4	4:119329966_A_G	G	A	0.34156	119329966
4	4:119330093_C_T	T	C	0.34153	119330093
4	4:119330422_C_T	T	C	0.658556	119330422
4	4:119330488_A_C	C	A	0.341504	119330488
4	4:119330756_A_G	G	A	0.0341921	119330756
4	4:119330798_C_CGA	CGA	C	0.341331	119330798
4	4:119330840_C_T	T	C	0.658426	119330840
4	4:119330862_G_T	T	G	0.341518	119330862
4	4:119330908_A_T	T	A	0.341534	119330908
4	4:119331138_G_GT	GT	G	0.232141	119331138
4	4:119331175_A_C	C	A	0.34141	119331175
4	4:119331206_A_G	G	A	0.658502	119331206
4	4:119331651_C_T	T	C	0.658464	119331651
4	4:119331892_C_T	T	C	0.65847	119331892
4	4:119331977_A_G	G	A	0.99306	119331977
4	4:119332022_A_G	G	A	0.341539	119332022
4	4:119332310_C_T	T	C	0.658366	119332310
4	4:119332337_A_G	G	A	0.0328839	119332337
4	4:119332427_A_G	G	A	0.341539	119332427
4	4:119332618_C_T	T	C	0.341526	119332618
4	4:119332755_A_G	G	A	0.341544	119332755
4	4:119333043_A_G	G	A	0.0342624	119333043
4	4:119333147_C_T	T	C	0.34143	119333147
4	4:119333188_A_G	G	A	0.658872	119333188
4	4:119333200_A_G	G	A	0.658947	119333200
4	4:119333219_T_TG	TG	T	0.865037	119333219
4	4:119333249_A_G	G	A	0.865239	119333249
4	4:119333406_C_T	T	C	0.659214	119333406
4	4:119333508_A_T	T	A	0.306602	119333508
4	4:119333526_C_T	T	C	0.34038	119333526
4	4:119333653_C_T	T	C	0.0333394	119333653
4	4:119334135_A_G	G	A	0.658536	119334135
4	4:119334229_A_G	G	A	0.00789008	119334229
4	4:119334674_C_T	T	C	0.65873	119334674
4	4:119334835_A_C	C	A	0.340765	119334835
4	4:119335037_A_G	G	A	0.658461	119335037
4	4:119335313_C_G	G	C	0.658408	119335313
4	4:119335609_C_T	T	C	0.3415	119335609
4	4:119335868_C_T	T	C	0.341549	119335868
4	4:119335900_C_T	T	C	0.307336	119335900
4	4:119335904_A_G	G	A	0.341506	119335904
4	4:119335905_A_G	G	A	0.490404	119335905
4	4:119335916_C_T	T	C	0.967244	119335916
4	4:119335948_A_G	G	A	0.65843	119335948
4	4:119336073_A_G	G	A	0.658444	119336073
4	4:119336262_A_G	G	A	0.658451	119336262
4	4:119336347_A_C	C	A	0.0327358	119336347
4	4:119336556_A_G	G	A	0.69294	119336556
4	4:119336584_C_T	T	C	0.509616	119336584
4	4:119336936_C_T	T	C	0.490394	119336936
4	4:119336969_C_G	G	C	0.625583	119336969
4	4:119337039_C_T	T	C	0.625575	119337039
4	4:119337052_G_T	T	G	0.374357	119337052
4	4:119337074_A_T	T	A	0.374377	119337074
4	4:119337075_A_T	T	A	0.741779	119337075
4	4:119337234_C_G	G	C	0.0341921	119337234
4	4:119337255_C_G	G	C	0.625631	119337255
4	4:119337453_A_T	T	A	0.62562	119337453
4	4:119337800_G_T	T	G	0.341469	119337800
4	4:119337897_A_G	G	A	0.667963	119337897
4	4:119338057_C_T	T	C	0.965944	119338057
4	4:119338058_A_G	G	A	0.490331	119338058
4	4:119338451_C_G	G	C	0.374359	119338451
4	4:119339115_A_G	G	A	0.374337	119339115
4	4:119339213_C_T	T	C	0.98089	119339213
4	4:119339282_A_G	G	A	0.374422	119339282
4	4:119339495_C_T	T	C	0.490342	119339495
4	4:119339630_A_G	G	A	0.341425	119339630
4	4:119339888_A_G	G	A	0.625578	119339888
4	4:119340059_A_G	G	A	0.374415	119340059
4	4:119340107_A_G	G	A	0.374269	119340107
4	4:119340260_C_T	T	C	0.509587	119340260
4	4:119340261_A_G	G	A	0.135119	119340261
4	4:119340416_A_G	G	A	0.864906	119340416
4	4:119340706_C_G	G	C	0.374331	119340706
4	4:119340919_C_T	T	C	0.374374	119340919
4	4:119340946_C_G	G	C	0.374374	119340946
4	4:119341101_A_G	G	A	0.509606	119341101
4	4:119341212_C_T	T	C	0.0121855	119341212
4	4:119341517_A_C	C	A	0.625578	119341517
4	4:119341580_A_C	C	A	0.0329361	119341580
4	4:119341677_A_G	G	A	0.374349	119341677
4	4:119341711_C_G	G	C	0.374163	119341711
4	4:119341867_C_T	T	C	0.374369	119341867
4	4:119342003_C_G	G	C	0.257332	119342003
4	4:119343694_A_C	C	A	0.3744	119343694
4	4:119343746_C_T	T	C	0.625605	119343746
4	4:119343841_C_T	T	C	0.37442	119343841
4	4:119344104_C_G	G	C	0.625864	119344104
4	4:119344167_A_G	G	A	0.625877	119344167
4	4:119344275_G_T	T	G	0.626016	119344275
4	4:119344283_A_G	G	A	0.767959	119344283
4	4:119344288_A_C	C	A	0.625968	119344288
4	4:119344464_A_G	G	A	0.509606	119344464
4	4:119344592_A_G	G	A	0.135146	119344592
4	4:119344628_C_G	G	C	0.374422	119344628
4	4:119344704_A_G	G	A	0.374492	119344704
4	4:119344812_C_T	T	C	0.374382	119344812
4	4:119344852_A_G	G	A	0.341259	119344852
4	4:119345036_A_T	T	A	0.625779	119345036
4	4:119345063_A_G	G	A	0.0327477	119345063
4	4:119345607_C_T	T	C	0.0403704	119345607
4	4:119345667_A_G	G	A	0.373815	119345667
4	4:119345827_A_T	T	A	0.374422	119345827
4	4:119345879_A_C	C	A	0.374385	119345879
4	4:119346074_A_G	G	A	0.692925	119346074
4	4:119346462_C_T	T	C	0.896421	119346462
4	4:119346947_C_G	G	C	0.34145	119346947
4	4:119346991_A_G	G	A	0.490392	119346991
4	4:119347082_A_G	G	A	0.625779	119347082
4	4:119347147_C_T	T	C	0.374304	119347147
4	4:119347166_A_G	G	A	0.76794	119347166
4	4:119347280_A_G	G	A	0.231784	119347280
4	4:119347398_A_C	C	A	0.625312	119347398
4	4:119347461_G_GT	GT	G	0.863211	119347461
4	4:119347654_G_T	T	G	0.625618	119347654
4	4:119347736_A_G	G	A	0.625772	119347736
4	4:119347802_A_G	G	A	0.0341078	119347802
4	4:119347925_A_G	G	A	0.374342	119347925
4	4:119348013_C_T	T	C	0.375461	119348013
4	4:119348127_A_T	T	A	0.965872	119348127
4	4:119348141_A_G	G	A	0.00700798	119348141
4	4:119348788_A_G	G	A	0.989512	119348788
4	4:119348849_C_T	T	C	0.134691	119348849
4	4:119348867_A_C	C	A	0.990412	119348867
4	4:119349266_A_G	G	A	0.62554	119349266
4	4:119349474_T_TGGCAG	TGGCAG	T	0.374427	119349474
4	4:119349548_C_T	T	C	0.258086	119349548
4	4:119349550_A_G	G	A	0.374465	119349550
4	4:119349616_A_T	T	A	0.374465	119349616
4	4:119349640_A_G	G	A	0.625575	119349640
4	4:119349677_A_G	G	A	0.993015	119349677
4	4:119349811_A_G	G	A	0.625555	119349811
4	4:119350012_C_T	T	C	0.374253	119350012
4	4:119350031_C_T	T	C	0.991263	119350031
4	4:119350063_C_T	T	C	0.960606	119350063
4	4:119350073_C_T	T	C	0.625548	119350073
4	4:119350082_C_T	T	C	0.374354	119350082
4	4:119350189_A_C	C	A	0.625613	119350189
4	4:119350206_G_T	T	G	0.374467	119350206
4	4:119350219_A_G	G	A	0.134769	119350219
4	4:119350259_A_G	G	A	0.374447	119350259
4	4:119350386_A_G	G	A	0.37447	119350386
4	4:119350475_C_T	T	C	0.374216	119350475
4	4:119350559_C_T	T	C	0.953816	119350559
4	4:119350589_A_T	T	A	0.626622	119350589
4	4:119350643_C_G	G	C	0.50958	119350643
4	4:119350647_C_T	T	C	0.374324	119350647
4	4:119350767_A_G	G	A	0.135238	119350767
4	4:119350803_C_T	T	C	0.658489	119350803
4	4:119350932_A_G	G	A	0.864797	119350932
4	4:119351161_A_G	G	A	0.632345	119351161
4	4:119351178_G_T	T	G	0.50911	119351178
4	4:119351185_A_G	G	A	0.0081916	119351185
4	4:119351450_A_T	T	A	0.625583	119351450
4	4:119351814_C_T	T	C	0.864807	119351814
4	4:119352069_T_TG	TG	T	0.135188	119352069
4	4:119352083_A_T	T	A	0.967226	119352083
4	4:119352114_A_G	G	A	0.135182	119352114
4	4:119352232_A_C	C	A	0.307357	119352232
4	4:119352319_A_T	T	A	0.865646	119352319
4	4:119352884_C_T	T	C	0.69279	119352884
4	4:119353194_C_G	G	C	0.134468	119353194
4	4:119353341_G_T	T	G	0.767966	119353341
4	4:119353457_A_G	G	A	0.864795	119353457
4	4:119353506_C_T	T	C	0.864795	119353506
4	4:119353519_C_G	G	C	0.969502	119353519
4	4:119353661_C_G	G	C	0.864819	119353661
4	4:119353723_C_T	T	C	0.135144	119353723
4	4:119353756_A_G	G	A	0.49025	119353756
4	4:119353771_A_G	G	A	0.864825	119353771
4	4:119353848_C_T	T	C	0.306626	119353848
4	4:119353855_C_T	T	C	0.135079	119353855
4	4:119353891_C_T	T	C	0.134759	119353891
4	4:119353897_G_T	T	G	0.864913	119353897
4	4:119353948_G_T	T	G	0.864911	119353948
4	4:119353975_A_G	G	A	0.864869	119353975
4	4:119353990_G_GC	GC	G	0.135148	119353990
4	4:119354113_A_G	G	A	0.864959	119354113
4	4:119354189_C_T	T	C	0.864841	119354189
4	4:119354344_A_C	C	A	0.864797	119354344
4	4:119354508_C_G	G	C	0.864822	119354508
4	4:119354646_C_T	T	C	0.864834	119354646
4	4:119354882_A_G	G	A	0.69299	119354882
4	4:119355065_C_T	T	C	0.135203	119355065
4	4:119355161_A_G	G	A	0.864977	119355161
4	4:119355190_A_G	G	A	0.932904	119355190
4	4:119355200_G_T	T	G	0.864879	119355200
4	4:119355287_A_G	G	A	0.0116721	119355287
4	4:119355309_C_CTA	CTA	C	0.697011	119355309
4	4:119355438_A_C	C	A	0.864899	119355438
4	4:119355537_A_C	C	A	0.0670278	119355537
4	4:119355685_G_T	T	G	0.864812	119355685
4	4:119355765_G_T	T	G	0.135043	119355765
4	4:119355960_C_G	G	C	0.865072	119355960
4	4:119356126_A_G	G	A	0.864861	119356126
4	4:119356240_A_G	G	A	0.767921	119356240
4	4:119356345_A_G	G	A	0.864807	119356345
4	4:119356397_G_T	T	G	0.967125	119356397
4	4:119356510_A_G	G	A	0.965826	119356510
4	4:119356574_C_T	T	C	0.034174	119356574
4	4:119356654_A_G	G	A	0.135195	119356654
4	4:119356656_A_G	G	A	0.864797	119356656
4	4:119356945_A_G	G	A	0.168083	119356945
4	4:119356993_A_G	G	A	0.169377	119356993
4	4:119356998_A_G	G	A	0.169303	119356998
4	4:119357213_C_G	G	C	0.831893	119357213
4	4:119357358_A_T	T	A	0.741899	119357358
4	4:119357610_C_G	G	C	0.5574	119357610
4	4:119357718_C_T	T	C	0.557382	119357718
4	4:119357755_C_T	T	C	0.979411	119357755
4	4:119357886_A_G	G	A	0.442591	119357886
4	4:119357968_C_T	T	C	0.865206	119357968
4	4:119358129_A_G	G	A	0.442582	119358129
4	4:119358136_A_G	G	A	0.932885	119358136
4	4:119358180_A_G	G	A	0.557418	119358180
4	4:119358265_A_G	G	A	0.442523	119358265
4	4:119358304_C_T	T	C	0.442424	119358304
4	4:119358331_A_C	C	A	0.442516	119358331
4	4:119358354_A_G	G	A	0.0626849	119358354
4	4:119358377_A_AAG	AAG	A	0.442485	119358377
4	4:119358716_A_G	G	A	0.134428	119358716
4	4:119358922_A_G	G	A	0.442195	119358922
4	4:119358981_C_T	T	C	0.44211	119358981
4	4:119358988_C_T	T	C	0.523559	119358988
4	4:119359163_A_G	G	A	0.865157	119359163
4	4:119359287_G_T	T	G	0.0130442	119359287
4	4:119359442_A_C	C	A	0.692659	119359442
4	4:119359462_C_T	T	C	0.674898	119359462
4	4:119359483_A_AT	AT	A	0.630266	119359483
4	4:119359657_A_G	G	A	0.659791	119359657
4	4:119359836_A_G	G	A	0.340232	119359836
4	4:119359886_C_T	T	C	0.659876	119359886
4	4:119359887_C_T	T	C	0.659919	119359887
4	4:119360002_C_G	G	C	0.340183	119360002
4	4:119360171_A_G	G	A	0.0341654	119360171
4	4:119360177_G_GT	GT	G	0.339979	119360177
4	4:119360222_A_G	G	A	0.257869	119360222
4	4:119360282_C_T	T	C	0.967197	119360282
4	4:119360464_C_T	T	C	0.340206	119360464
4	4:119360550_A_G	G	A	0.340226	119360550
4	4:119360817_A_T	T	A	0.659797	119360817
4	4:119360822_C_T	T	C	0.659797	119360822
4	4:119360904_A_T	T	A	0.65983	119360904
4	4:119360974_A_G	G	A	0.00696107	119360974
4	4:119361257_G_GT	GT	G	0.660397	119361257
4	4:119361285_C_G	G	C	0.00816327	119361285
4	4:119361408_A_G	G	A	0.340105	119361408
4	4:119361541_G_T	T	G	0.659813	119361541
4	4:119361833_A_G	G	A	0.00840989	119361833
4	4:119361908_A_G	G	A	0.0341654	119361908
4	4:119362393_A_T	T	A	0.340113	119362393
4	4:119362510_A_G	G	A	0.0328738	119362510
4	4:119362552_A_T	T	A	0.967126	119362552
4	4:119362618_A_T	T	A	0.659768	119362618
4	4:119363011_A_G	G	A	0.988256	119363011
4	4:119363162_A_G	G	A	0.659771	119363162
4	4:119363178_C_T	T	C	0.0125291	119363178
4	4:119363232_A_T	T	A	0.340219	119363232
4	4:119363362_T_TGAGG	TGAGG	T	0.032845	119363362
4	4:119363472_C_T	T	C	0.659768	119363472
4	4:119363816_A_G	G	A	0.659818	119363816
4	4:119364208_A_T	T	A	0.0323229	119364208
4	4:119364392_C_T	T	C	0.340123	119364392
4	4:119364413_C_G	G	C	0.340143	119364413
4	4:119364424_G_T	T	G	0.0114255	119364424
4	4:119364494_C_T	T	C	0.69284	119364494
4	4:119364502_A_T	T	A	0.340206	119364502
4	4:119364528_A_AT	AT	A	0.992989	119364528
4	4:119364533_G_T	T	G	0.659794	119364533
4	4:119364563_G_T	T	G	0.742177	119364563
4	4:119364651_C_T	T	C	0.692972	119364651
4	4:119364813_A_T	T	A	0.340206	119364813
4	4:119364888_A_T	T	A	0.692846	119364888
4	4:119364914_A_G	G	A	0.340055	119364914
4	4:119365216_A_T	T	A	0.659762	119365216
4	4:119365248_A_G	G	A	0.340139	119365248
4	4:119365288_C_T	T	C	0.660001	119365288
4	4:119365323_A_G	G	A	0.0137445	119365323
4	4:119365337_A_G	G	A	0.307392	119365337
4	4:119365352_A_G	G	A	0.00575314	119365352
4	4:119365441_C_T	T	C	0.659801	119365441
4	4:119365600_A_T	T	A	0.340216	119365600
4	4:119365628_C_G	G	C	0.340203	119365628
4	4:119365690_A_G	G	A	0.65983	119365690
4	4:119366276_C_T	T	C	0.232042	119366276
4	4:119366281_A_G	G	A	0.659797	119366281
4	4:119366358_C_T	T	C	0.659115	119366358
4	4:119366725_C_T	T	C	0.693631	119366725
4	4:119366731_G_T	T	G	0.660492	119366731
4	4:119366780_A_T	T	A	0.659628	119366780
4	4:119366864_A_G	G	A	0.340216	119366864
4	4:119366884_A_T	T	A	0.340186	119366884
4	4:119366886_C_T	T	C	0.742065	119366886
4	4:119367131_A_G	G	A	0.340226	119367131
4	4:119367345_A_G	G	A	0.661306	119367345
4	4:119367450_G_T	T	G	0.307196	119367450
4	4:119367677_A_G	G	A	0.0328343	119367677
4	4:119367695_A_G	G	A	0.865308	119367695
4	4:119367749_A_G	G	A	0.307267	119367749
4	4:119367887_G_T	T	G	0.134692	119367887
4	4:119367936_A_G	G	A	0.134692	119367936
4	4:119367988_C_T	T	C	0.659868	119367988
4	4:119368076_C_T	T	C	0.659938	119368076
4	4:119368226_C_G	G	C	0.0205588	119368226
4	4:119368241_C_T	T	C	0.340118	119368241
4	4:119368250_A_G	G	A	0.659882	119368250
4	4:119368301_A_G	G	A	0.659879	119368301
4	4:119368756_A_T	T	A	0.86531	119368756
4	4:119368788_C_T	T	C	0.402266	119368788
4	4:119368806_C_T	T	C	0.474804	119368806
4	4:119369039_C_T	T	C	0.368791	119369039
4	4:119369056_A_G	G	A	0.134807	119369056
4	4:119369528_A_G	G	A	0.339854	119369528
4	4:119369673_C_G	G	C	0.659895	119369673
4	4:119369758_C_T	T	C	0.339906	119369758
4	4:119369845_C_T	T	C	0.0322733	119369845
4	4:119369871_C_G	G	C	0.661168	119369871
4	4:119369881_G_T	T	G	0.865155	119369881
4	4:119370217_A_T	T	A	0.659851	119370217
4	4:119370549_C_T	T	C	0.659861	119370549
4	4:119370614_C_T	T	C	0.955824	119370614
4	4:119370926_A_T	T	A	0.340121	119370926
4	4:119370952_C_G	G	C	0.340049	119370952
4	4:119371078_A_T	T	A	0.229907	119371078
4	4:119371101_A_G	G	A	0.657917	119371101
4	4:119371545_A_T	T	A	0.69297	119371545
4	4:119371907_C_T	T	C	0.99317	119371907
4	4:119372020_C_T	T	C	0.340108	119372020
4	4:119372024_G_GTTC	GTTC	G	0.0341393	119372024
4	4:119372053_A_G	G	A	0.659975	119372053
4	4:119372073_A_G	G	A	0.965893	119372073
4	4:119372303_A_G	G	A	0.967166	119372303
4	4:119372427_A_G	G	A	0.659191	119372427
4	4:119372480_C_G	G	C	0.032835	119372480
4	4:119372621_A_G	G	A	0.692703	119372621
4	4:119372665_A_G	G	A	0.0155004	119372665
4	4:119373176_A_G	G	A	0.69578	119373176
4	4:119373309_G_T	T	G	0.34939	119373309
4	4:119373745_A_C	C	A	0.299817	119373745
4	4:119373754_C_T	T	C	0.699924	119373754
4	4:119373875_A_G	G	A	0.300018	119373875
4	4:119373929_A_G	G	A	0.741201	119373929
4	4:119374042_C_T	T	C	0.70006	119374042
4	4:119374396_A_G	G	A	0.699926	119374396
4	4:119374707_C_T	T	C	0.300553	119374707
4	4:119375014_C_T	T	C	0.299891	119375014
4	4:119375055_C_T	T	C	0.300586	119375055
4	4:119375095_A_G	G	A	0.258697	119375095
4	4:119375436_G_T	T	G	0.299743	119375436
4	4:119375617_C_T	T	C	0.300012	119375617
4	4:119375645_A_G	G	A	0.700006	119375645
4	4:119375904_A_G	G	A	0.224845	119375904
4	4:119376001_T_TG	TG	T	0.300064	119376001
4	4:119376149_A_T	T	A	0.181549	119376149
4	4:119376153_A_G	G	A	0.147324	119376153
4	4:119376268_C_T	T	C	0.699881	119376268
4	4:119376304_C_G	G	C	0.965842	119376304
4	4:119376645_C_T	T	C	0.30008	119376645
4	4:119376826_G_GT	GT	G	0.147288	119376826
4	4:119377257_A_G	G	A	0.699936	119377257
4	4:119377322_C_T	T	C	0.30008	119377322
4	4:119377393_C_T	T	C	0.775226	119377393
4	4:119377394_C_G	G	C	0.741253	119377394
4	4:119377690_A_G	G	A	0.69992	119377690
4	4:119377849_C_G	G	C	0.300004	119377849
4	4:119377993_A_G	G	A	0.300084	119377993
4	4:119378224_A_G	G	A	0.967118	119378224
4	4:119378514_C_T	T	C	0.69995	119378514
4	4:119378518_A_G	G	A	0.2999	119378518
4	4:119378625_A_G	G	A	0.741248	119378625
4	4:119378911_C_T	T	C	0.30006	119378911
4	4:119378938_A_G	G	A	0.300084	119378938
4	4:119379037_C_CTTTTA	CTTTTA	C	0.224697	119379037
4	4:119379066_A_T	T	A	0.699958	119379066
4	4:119379833_G_T	T	G	0.300066	119379833
4	4:119379922_G_T	T	G	0.30004	119379922
4	4:119379942_C_T	T	C	0.0136908	119379942
4	4:119379965_A_G	G	A	0.257734	119379965
4	4:119380018_C_T	T	C	0.985934	119380018
4	4:119380188_T_TG	TG	T	0.181491	119380188
4	4:119380344_C_T	T	C	0.699936	119380344
4	4:119380463_C_T	T	C	0.299962	119380463
4	4:119380700_G_GT	GT	G	0.99198	119380700
4	4:119381167_A_C	C	A	0.0328711	119381167
4	4:119381195_G_T	T	G	0.69991	119381195
4	4:119381196_C_T	T	C	0.699936	119381196
4	4:119381264_C_T	T	C	0.700088	119381264
4	4:119381341_A_G	G	A	0.300028	119381341
4	4:119381484_C_T	T	C	0.699942	119381484
4	4:119381505_G_GT	GT	G	0.258693	119381505
4	4:119381517_A_T	T	A	0.257884	119381517
4	4:119381647_A_G	G	A	0.300082	119381647
4	4:119381722_A_C	C	A	0.699916	119381722
4	4:119381938_A_C	C	A	0.979268	119381938
4	4:119381988_C_G	G	C	0.700111	119381988
4	4:119382438_C_T	T	C	0.699914	119382438
4	4:119382559_A_G	G	A	0.699916	119382559
4	4:119382574_A_G	G	A	0.700056	119382574
4	4:119382649_C_G	G	C	0.852631	119382649
4	4:119382997_A_C	C	A	0.699924	119382997
4	4:119383135_G_GC	GC	G	0.300058	119383135
4	4:119383479_A_G	G	A	0.299908	119383479
4	4:119383719_A_G	G	A	0.300094	119383719
4	4:119383840_A_G	G	A	0.742299	119383840
4	4:119383887_G_T	T	G	0.699906	119383887
4	4:119383901_G_T	T	G	0.300094	119383901
4	4:119384021_A_G	G	A	0.224714	119384021
4	4:119384107_A_G	G	A	0.224662	119384107
4	4:119384243_A_T	T	A	0.559164	119384243
4	4:119384249_A_G	G	A	0.30004	119384249
4	4:119384811_A_G	G	A	0.258651	119384811
4	4:119385027_A_T	T	A	0.0173286	119385027
4	4:119385073_C_T	T	C	0.30009	119385073
4	4:119385279_C_G	G	C	0.699906	119385279
4	4:119385320_C_G	G	C	0.699914	119385320
4	4:119385452_A_G	G	A	0.69991	119385452
4	4:119385466_C_G	G	C	0.852631	119385466
4	4:119385515_C_T	T	C	0.300012	119385515
4	4:119385638_C_T	T	C	0.699918	119385638
4	4:119385724_A_G	G	A	0.29978900000000003	119385724
4	4:119385727_C_T	T	C	0.979097	119385727
4	4:119385942_A_G	G	A	0.300028	119385942
4	4:119386056_A_G	G	A	0.69992	119386056
4	4:119386059_A_C	C	A	0.699906	119386059
4	4:119386087_A_G	G	A	0.775276	119386087
4	4:119386110_C_G	G	C	0.0327793	119386110
4	4:119386330_A_C	C	A	0.300094	119386330
4	4:119386352_A_G	G	A	0.742274	119386352
4	4:119386543_A_G	G	A	0.699918	119386543
4	4:119386658_A_G	G	A	0.6999	119386658
4	4:119386892_C_T	T	C	0.699809	119386892
4	4:119386928_A_C	C	A	0.699912	119386928
4	4:119387106_A_C	C	A	0.30009	119387106
4	4:119387182_T_TA	TA	T	0.96506	119387182
4	4:119387649_A_G	G	A	0.699906	119387649
4	4:119387781_C_T	T	C	0.224688	119387781
4	4:119387884_C_T	T	C	0.699928	119387884
4	4:119388196_A_T	T	A	0.300068	119388196
4	4:119388345_C_T	T	C	0.440813	119388345
4	4:119388401_A_C	C	A	0.29995	119388401
4	4:119388411_G_GA	GA	G	0.994575	119388411
4	4:119388632_C_G	G	C	0.30008	119388632
4	4:119388720_C_T	T	C	0.300151	119388720
4	4:119388873_C_T	T	C	0.300094	119388873
4	4:119388911_G_T	T	G	0.0349399	119388911
4	4:119388971_G_GCT	GCT	G	0.721657	119388971
4	4:119389204_G_T	T	G	0.300183	119389204
4	4:119389324_C_T	T	C	0.775772	119389324
4	4:119389387_C_T	T	C	0.700014	119389387
4	4:119389483_A_T	T	A	0.300082	119389483
4	4:119389677_C_T	T	C	0.299972	119389677
4	4:119389718_A_G	G	A	0.699906	119389718
4	4:119389767_C_T	T	C	0.626278	119389767
4	4:119389908_A_G	G	A	0.0327686	119389908
4	4:119389997_C_T	T	C	0.699885	119389997
4	4:119390257_C_T	T	C	0.966861	119390257
4	4:119390373_A_G	G	A	0.699889	119390373
4	4:119390427_A_ATTTATTTTAT	ATTTATTTTAT	A	0.300002	119390427
4	4:119390542_A_C	C	A	0.699893	119390542
4	4:119390832_A_C	C	A	0.699916	119390832
4	4:119390945_C_T	T	C	0.741359	119390945
4	4:119390991_C_T	T	C	0.2999	119390991
4	4:119391017_A_G	G	A	0.224416	119391017
4	4:119391474_A_G	G	A	0.0140922	119391474
4	4:119391748_A_G	G	A	0.70008	119391748
4	4:119391804_A_G	G	A	0.299942	119391804
4	4:119392103_C_T	T	C	0.29993	119392103
4	4:119392279_A_C	C	A	0.96686	119392279
4	4:119392280_G_T	T	G	0.29993	119392280
4	4:119392285_A_G	G	A	0.700949	119392285
4	4:119392832_C_G	G	C	0.982328	119392832
4	4:119392967_C_T	T	C	0.742402	119392967
4	4:119393006_A_T	T	A	0.700346	119393006
4	4:119393447_G_T	T	G	0.0306453	119393447
4	4:119393509_C_T	T	C	0.299946	119393509
4	4:119393586_A_C	C	A	0.299767	119393586
4	4:119393726_A_G	G	A	0.70007	119393726
4	4:119393766_C_T	T	C	0.700074	119393766
4	4:119394225_C_T	T	C	0.98514	119394225
4	4:119394246_C_CAGA	CAGA	C	0.0358194	119394246
4	4:119394574_C_T	T	C	0.700082	119394574
4	4:119394920_A_G	G	A	0.700525	119394920
4	4:119395277_A_C	C	A	0.00516967	119395277
4	4:119395323_A_G	G	A	0.0128396	119395323
4	4:119395343_A_G	G	A	0.852442	119395343
4	4:119395531_G_T	T	G	0.299894	119395531
4	4:119395795_A_T	T	A	0.700129	119395795
4	4:119396219_C_T	T	C	0.299904	119396219
4	4:119396394_G_T	T	G	0.299831	119396394
4	4:119396520_C_CAT	CAT	C	0.687409	119396520
4	4:119396749_A_G	G	A	0.440854	119396749
4	4:119396823_A_C	C	A	0.700123	119396823
4	4:119396980_A_G	G	A	0.700038	119396980
4	4:119397014_A_G	G	A	0.74224	119397014
4	4:119397099_C_T	T	C	0.299727	119397099
4	4:119397371_C_T	T	C	0.299749	119397371
4	4:119397422_A_G	G	A	0.299759	119397422
4	4:119397654_A_G	G	A	0.29778	119397654
4	4:119397684_A_G	G	A	0.299688	119397684
4	4:119397715_C_T	T	C	0.299658	119397715
4	4:119397868_C_T	T	C	0.703507	119397868
4	4:119397880_C_T	T	C	0.703003	119397880
4	4:119398066_G_T	T	G	0.0113901	119398066
4	4:119398279_C_T	T	C	0.299741	119398279
4	4:119398642_A_G	G	A	0.37757	119398642
4	4:119398681_C_G	G	C	0.0326371	119398681
4	4:119399560_A_G	G	A	0.299845	119399560
4	4:119399616_A_G	G	A	0.180871	119399616
4	4:119399739_A_C	C	A	0.299694	119399739
4	4:119400005_C_CA	CA	C	0.702749	119400005
4	4:119400215_A_G	G	A	0.372698	119400215
4	4:119400244_A_G	G	A	0.00518979	119400244
4	4:119400265_A_G	G	A	0.299611	119400265
4	4:119400481_A_T	T	A	0.693394	119400481
4	4:119400672_A_G	G	A	0.700463	119400672
4	4:119400703_A_G	G	A	0.715883	119400703
4	4:119400856_C_T	T	C	0.624113	119400856
4	4:119400878_C_T	T	C	0.700706	119400878
4	4:119400959_A_G	G	A	0.299288	119400959
4	4:119401022_A_G	G	A	0.299232	119401022
4	4:119401062_A_G	G	A	0.9885	119401062
4	4:119401102_C_T	T	C	0.319225	119401102
4	4:119401166_A_G	G	A	0.300117	119401166
4	4:119401203_G_T	T	G	0.700881	119401203
4	4:119401626_A_G	G	A	0.299658	119401626
4	4:119401779_C_CAA	CAA	C	0.299359	119401779
4	4:119401839_A_G	G	A	0.700726	119401839
4	4:119402033_A_G	G	A	0.182128	119402033
4	4:119402144_C_G	G	C	0.964247	119402144
4	4:119402161_C_T	T	C	0.700523	119402161
4	4:119402414_A_G	G	A	0.00919968	119402414
4	4:119402440_C_T	T	C	0.699759	119402440
4	4:119402475_C_CT	CT	C	0.299433	119402475
4	4:119403126_T_TGAG	TGAG	T	0.0322422	119403126
4	4:119403269_A_T	T	A	0.700557	119403269
4	4:119403321_A_G	G	A	0.700527	119403321
4	4:119403391_T_TCTC	TCTC	T	0.299377	119403391
4	4:119403429_A_G	G	A	0.0326284	119403429
4	4:119403452_C_T	T	C	0.994183	119403452
4	4:119403460_A_C	C	A	0.332596	119403460
4	4:119403485_A_G	G	A	0.0326122	119403485
4	4:119403508_A_G	G	A	0.0134115	119403508
4	4:119403552_C_T	T	C	0.299465	119403552
4	4:119403583_C_CTTCTGGTGCAAGAGA	CTTCTGGTGCAAGAGA	C	0.299149	119403583
4	4:119403685_A_G	G	A	0.0141347	119403685
4	4:119403763_A_G	G	A	0.700563	119403763
4	4:119403975_C_T	T	C	0.300179	119403975
4	4:119403980_C_T	T	C	0.300286	119403980
4	4:119404109_C_T	T	C	0.700938	119404109
4	4:119404118_C_T	T	C	0.299515	119404118
4	4:119404277_C_T	T	C	0.700024	119404277
4	4:119404374_A_G	G	A	0.299465	119404374
4	4:119404439_A_G	G	A	0.0324598	119404439
4	4:119404475_A_G	G	A	0.299491	119404475
4	4:119404499_G_GC	GC	G	0.299841	119404499
4	4:119404577_A_C	C	A	0.302397	119404577
4	4:119404713_A_AC	AC	A	0.818806	119404713
4	4:119404927_A_C	C	A	0.967118	119404927
4	4:119404983_C_T	T	C	0.700448	119404983
4	4:119405128_A_T	T	A	0.299443	119405128
4	4:119405168_A_G	G	A	0.299546	119405168
4	4:119405249_A_G	G	A	0.299471	119405249
4	4:119405488_C_T	T	C	0.299431	119405488
4	4:119405493_C_G	G	C	0.700569	119405493
4	4:119405514_C_T	T	C	0.992073	119405514
4	4:119405523_C_T	T	C	0.484603	119405523
4	4:119405546_A_G	G	A	0.299618	119405546
4	4:119405558_C_G	G	C	0.299319	119405558
4	4:119405561_C_T	T	C	0.700655	119405561
4	4:119405664_C_T	T	C	0.299644	119405664
4	4:119405732_G_T	T	G	0.299496	119405732
4	4:119405787_A_G	G	A	0.484432	119405787
4	4:119405877_A_G	G	A	0.299399	119405877
4	4:119406123_A_G	G	A	0.0197303	119406123
4	4:119406536_A_G	G	A	0.00722011	119406536
4	4:119406669_C_T	T	C	0.817387	119406669
4	4:119406828_A_G	G	A	0.0339968	119406828
4	4:119406846_C_T	T	C	0.298245	119406846
4	4:119407002_C_T	T	C	0.993641	119407002
4	4:119407010_A_G	G	A	0.965792	119407010
4	4:119407041_C_T	T	C	0.710527	119407041
4	4:119407129_A_G	G	A	0.299141	119407129
4	4:119407149_A_G	G	A	0.700507	119407149
4	4:119407178_C_T	T	C	0.301122	119407178
4	4:119407222_A_C	C	A	0.700549	119407222
4	4:119407322_A_G	G	A	0.0129136	119407322
4	4:119407365_A_G	G	A	0.700498	119407365
4	4:119407467_A_G	G	A	0.700531	119407467
4	4:119407511_A_G	G	A	0.299034	119407511
4	4:119408118_C_T	T	C	0.989736	119408118
4	4:119408454_C_T	T	C	0.967688	119408454
4	4:119408521_A_G	G	A	0.70151	119408521
4	4:119408681_C_G	G	C	0.0120229	119408681
4	4:119408739_A_G	G	A	0.33101	119408739
4	4:119408742_A_G	G	A	0.0114043	119408742
4	4:119408982_G_T	T	G	0.0326343	119408982
4	4:119409000_C_T	T	C	0.668049	119409000
4	4:119409058_A_G	G	A	0.993255	119409058
4	4:119409117_C_G	G	C	0.700352	119409117
4	4:119409219_A_T	T	A	0.0396491	119409219
4	4:119409224_C_T	T	C	0.299343	119409224
4	4:119409293_A_G	G	A	0.298413	119409293
4	4:119409294_A_C	C	A	0.298316	119409294
4	4:119409500_G_T	T	G	0.511178	119409500
4	4:119410273_C_T	T	C	0.700563	119410273
4	4:119410588_A_G	G	A	0.299447	119410588
4	4:119410627_C_T	T	C	0.299006	119410627
4	4:119410633_A_C	C	A	0.00742261	119410633
4	4:119410767_A_C	C	A	0.0116239	119410767
4	4:119410901_A_G	G	A	0.299268	119410901
4	4:119411079_A_G	G	A	0.299031	119411079
4	4:119411119_A_C	C	A	0.990082	119411119
4	4:119411440_C_T	T	C	0.700567	119411440
4	4:119413255_A_T	T	A	0.29854	119413255
4	4:119416995_A_T	T	A	0.0127369	119416995
4	4:119417180_C_T	T	C	0.701097	119417180
4	4:119417184_C_T	T	C	0.701119	119417184
4	4:119419158_A_C	C	A	0.0354031	119419158
4	4:119420512_A_G	G	A	0.0325925	119420512
4	4:119423669_A_G	G	A	0.987259	119423669
4	4:119423738_A_G	G	A	0.0229626	119423738
4	4:119426080_C_T	T	C	0.702361	119426080
4	4:119426406_G_T	T	G	0.70048	119426406
4	4:119426506_A_C	C	A	0.299473	119426506
4	4:119426832_C_T	T	C	0.179779	119426832
4	4:119431173_A_C	C	A	0.0322204	119431173
4	4:119432270_C_G	G	C	0.98746	119432270
4	4:119433325_A_G	G	A	0.667544	119433325
4	4:119433327_A_G	G	A	0.700756	119433327
4	4:119433502_C_T	T	C	0.484912	119433502
4	4:119433692_C_G	G	C	0.299129	119433692
4	4:119434191_A_G	G	A	0.118284	119434191
4	4:119434415_A_C	C	A	0.700598	119434415
4	4:119434429_C_T	T	C	0.299309	119434429
4	4:119434471_A_G	G	A	0.700951	119434471
4	4:119434801_C_T	T	C	0.0149099	119434801
4	4:119435010_C_T	T	C	0.945123	119435010
4	4:119435344_A_C	C	A	0.0327485	119435344
4	4:119435862_C_T	T	C	0.817826	119435862
4	4:119435863_A_G	G	A	0.00753248	119435863
4	4:119435988_C_T	T	C	0.0339629	119435988
4	4:119436095_A_G	G	A	0.297773	119436095
4	4:119436305_A_G	G	A	0.299602	119436305
4	4:119436604_G_T	T	G	0.016168	119436604
4	4:119437120_A_C	C	A	0.182509	119437120
4	4:119438081_G_T	T	G	0.70026	119438081
4	4:119438115_C_T	T	C	0.700163	119438115
4	4:119438185_A_G	G	A	0.299554	119438185
4	4:119438404_A_G	G	A	0.700529	119438404
4	4:119438453_C_T	T	C	0.70076	119438453
4	4:119438536_A_G	G	A	0.701214	119438536
4	4:119438633_A_G	G	A	0.299527	119438633
4	4:119438686_A_C	C	A	0.696707	119438686
4	4:119438744_C_T	T	C	0.0175518	119438744
4	4:119439096_A_T	T	A	0.515438	119439096
4	4:119439227_A_G	G	A	0.956328	119439227
4	4:119439267_C_T	T	C	0.0912926	119439267
4	4:119439305_C_T	T	C	0.990918	119439305
4	4:119439531_C_T	T	C	0.967446	119439531
4	4:119439563_G_T	T	G	0.967777	119439563
4	4:119439658_A_T	T	A	0.00915836	119439658
4	4:119439987_C_G	G	C	0.299413	119439987
4	4:119439988_A_G	G	A	0.0324012	119439988
4	4:119440014_G_T	T	G	0.484715	119440014
4	4:119440115_A_G	G	A	0.299421	119440115
4	4:119440261_A_T	T	A	0.881178	119440261
4	4:119440417_A_G	G	A	0.981401	119440417
4	4:119440431_C_G	G	C	0.297873	119440431
4	4:119440436_C_G	G	C	0.299871	119440436
4	4:119440441_C_G	G	C	0.817921	119440441
4	4:119440461_A_G	G	A	0.967404	119440461
4	4:119440684_C_T	T	C	0.0267074	119440684
4	4:119440702_A_G	G	A	0.0325361	119440702
4	4:119440858_C_T	T	C	0.982466	119440858
4	4:119440925_C_T	T	C	0.040362	119440925
4	4:119441248_A_G	G	A	0.299596	119441248
4	4:119441271_C_G	G	C	0.299536	119441271
4	4:119441290_C_T	T	C	0.299717	119441290
4	4:119441332_C_T	T	C	0.989168	119441332
4	4:119441665_C_T	T	C	0.299385	119441665
4	4:119441684_A_G	G	A	0.700867	119441684
4	4:119441749_C_T	T	C	0.00771366	119441749
4	4:119441806_A_G	G	A	0.852244	119441806
4	4:119441814_C_T	T	C	0.299506	119441814
4	4:119441867_A_T	T	A	0.0327574	119441867
4	4:119442215_C_T	T	C	0.147756	119442215
4	4:119442437_C_T	T	C	0.700428	119442437
4	4:119442440_A_G	G	A	0.700414	119442440
4	4:119442537_C_G	G	C	0.700547	119442537
4	4:119442797_C_T	T	C	0.0325153	119442797
4	4:119443245_A_G	G	A	0.299308	119443245
4	4:119443305_C_T	T	C	0.700485	119443305
4	4:119443387_C_T	T	C	0.666955	119443387
4	4:119443429_T_TG	TG	T	0.700833	119443429
4	4:119443464_A_G	G	A	0.7005	119443464
4	4:119443573_A_G	G	A	0.700497	119443573
4	4:119443634_C_T	T	C	0.700525	119443634
4	4:119443654_C_G	G	C	0.299731	119443654
4	4:119443937_A_G	G	A	0.0126251	119443937
4	4:119443975_A_G	G	A	0.299421	119443975
4	4:119444264_C_T	T	C	0.981093	119444264
4	4:119444286_A_G	G	A	0.484791	119444286
4	4:119444292_C_T	T	C	0.29896	119444292
4	4:119444418_C_T	T	C	0.991639	119444418
4	4:119444559_A_T	T	A	0.295747	119444559
4	4:119444762_A_G	G	A	0.700422	119444762
4	4:119444810_A_C	C	A	0.299504	119444810
4	4:119444853_C_T	T	C	0.700484	119444853
4	4:119445100_C_T	T	C	0.988366	119445100
4	4:119445157_G_T	T	G	0.300129	119445157
4	4:119445371_C_T	T	C	0.700456	119445371
4	4:119445796_A_G	G	A	0.0341594	119445796
4	4:119446021_C_T	T	C	0.0322036	119446021
4	4:119447215_C_T	T	C	0.98687	119447215
4	4:119447240_C_T	T	C	0.0212618	119447240
4	4:119447401_A_G	G	A	0.334705	119447401
4	4:119447472_A_G	G	A	0.299564	119447472
4	4:119447589_C_T	T	C	0.700506	119447589
4	4:119447702_A_G	G	A	0.298314	119447702
4	4:119447820_C_T	T	C	0.700521	119447820
4	4:119448122_A_C	C	A	0.299542	119448122
4	4:119448398_A_G	G	A	0.967777	119448398
4	4:119448556_A_G	G	A	0.299548	119448556
4	4:119448598_A_G	G	A	0.0174821	119448598
4	4:119448704_C_G	G	C	0.990844	119448704
4	4:119448706_C_G	G	C	0.032192900000000003	119448706
4	4:119448792_A_G	G	A	0.0341951	119448792
4	4:119448903_C_T	T	C	0.817155	119448903
4	4:119448974_C_G	G	C	0.70304	119448974
4	4:119449001_C_T	T	C	0.29692	119449001
4	4:119449037_A_G	G	A	0.965305	119449037
4	4:119449828_G_T	T	G	0.0120346	119449828
4	4:119449862_C_CAATGTCTG	CAATGTCTG	C	0.299421	119449862
4	4:119450097_A_G	G	A	0.299554	119450097
4	4:119450264_C_T	T	C	0.0125116	119450264
4	4:119450290_A_T	T	A	0.29954	119450290
4	4:119450397_G_T	T	G	0.700442	119450397
4	4:119450574_C_T	T	C	0.700432	119450574
4	4:119450685_C_T	T	C	0.99122	119450685
4	4:119450737_C_G	G	C	0.700541	119450737
4	4:119450763_C_T	T	C	0.299558	119450763
4	4:119450812_A_G	G	A	0.700456	119450812
4	4:119451079_A_G	G	A	0.485372	119451079
4	4:119451281_A_G	G	A	0.701489	119451281
4	4:119451412_C_T	T	C	0.700545	119451412
4	4:119451569_A_G	G	A	0.700456	119451569
4	4:119451844_A_G	G	A	0.700897	119451844
4	4:119451933_A_G	G	A	0.00762606	119451933
4	4:119452017_A_C	C	A	0.700263	119452017
4	4:119452107_C_T	T	C	0.700424	119452107
4	4:119452118_C_T	T	C	0.0115626	119452118
4	4:119452199_C_G	G	C	0.700535	119452199
4	4:119452387_C_G	G	C	0.965814	119452387
4	4:119452583_A_G	G	A	0.700617	119452583
4	4:119453484_G_T	T	G	0.299391	119453484
4	4:119453489_C_G	G	C	0.700688	119453489
4	4:119453602_C_T	T	C	0.967232	119453602
4	4:119453619_G_GC	GC	G	0.967788	119453619
4	4:119453643_C_T	T	C	0.299506	119453643
4	4:119453790_A_G	G	A	0.299415	119453790
4	4:119454234_C_G	G	C	0.700511	119454234
4	4:119454273_A_G	G	A	0.700502	119454273
4	4:119454309_A_G	G	A	0.299421	119454309
4	4:119454427_A_C	C	A	0.0327668	119454427
4	4:119454473_A_G	G	A	0.967807	119454473
4	4:119454572_A_G	G	A	0.299508	119454572
4	4:119454597_A_G	G	A	0.299506	119454597
4	4:119454623_A_G	G	A	0.700492	119454623
4	4:119454627_C_T	T	C	0.700492	119454627
4	4:119454675_C_T	T	C	0.700456	119454675
4	4:119454676_A_C	C	A	0.700466	119454676
4	4:119454682_A_G	G	A	0.700529	119454682
4	4:119454825_A_G	G	A	0.299516	119454825
4	4:119454875_C_G	G	C	0.700263	119454875
4	4:119454960_C_G	G	C	0.700619	119454960
4	4:119455226_C_T	T	C	0.2995	119455226
4	4:119455385_A_G	G	A	0.299375	119455385
4	4:119455589_C_T	T	C	0.700506	119455589
4	4:119455601_G_T	T	G	0.700476	119455601
4	4:119455918_A_C	C	A	0.0182398	119455918
4	4:119455934_T_TG	TG	T	0.299212	119455934
4	4:119455936_G_GGGAGGC	GGGAGGC	G	0.0116487	119455936
4	4:119455967_A_G	G	A	0.299453	119455967
4	4:119456244_C_T	T	C	0.299711	119456244
4	4:119456374_C_T	T	C	0.700484	119456374
4	4:119456415_C_G	G	C	0.299678	119456415
4	4:119456464_A_C	C	A	0.299612	119456464
4	4:119456492_C_T	T	C	0.700492	119456492
4	4:119456530_C_G	G	C	0.0601579	119456530
4	4:119456552_C_T	T	C	0.700591	119456552
4	4:119456585_C_T	T	C	0.700549	119456585
4	4:119456601_A_G	G	A	0.00754148	119456601
4	4:119457010_C_CTCAG	CTCAG	C	0.299383	119457010
4	4:119457052_A_G	G	A	0.967475	119457052
4	4:119457067_A_T	T	A	0.299495	119457067
4	4:119457641_T_TATA	TATA	T	0.182228	119457641
4	4:119458191_C_T	T	C	0.700406	119458191
4	4:119458233_A_C	C	A	0.700416	119458233
4	4:119458281_A_G	G	A	0.700705	119458281
4	4:119458540_A_C	C	A	0.960432	119458540
4	4:119458551_C_T	T	C	0.01484	119458551
4	4:119458946_A_C	C	A	0.00746254	119458946
4	4:119458966_C_G	G	C	0.0341389	119458966
4	4:119459261_A_G	G	A	0.700267	119459261
4	4:119459471_G_T	T	G	0.700823	119459471
4	4:119459760_A_C	C	A	0.700593	119459760
4	4:119459802_C_T	T	C	0.700617	119459802
4	4:119459926_A_C	C	A	0.29954	119459926
4	4:119459985_A_G	G	A	0.29951	119459985
4	4:119460186_C_T	T	C	0.700468	119460186
4	4:119460257_A_G	G	A	0.299594	119460257
4	4:119460368_C_G	G	C	0.700414	119460368
4	4:119460409_A_C	C	A	0.700442	119460409
4	4:119460435_A_G	G	A	0.700229	119460435
4	4:119460724_C_G	G	C	0.299779	119460724
4	4:119460819_C_T	T	C	0.700334	119460819
4	4:119461035_A_T	T	A	0.700406	119461035
4	4:119461107_C_G	G	C	0.299582	119461107
4	4:119461189_C_T	T	C	0.298556	119461189
4	4:119461603_A_C	C	A	0.299178	119461603
4	4:119461746_G_T	T	G	0.299431	119461746
4	4:119461927_A_C	C	A	0.147677	119461927
4	4:119462228_A_G	G	A	0.0551521	119462228
4	4:119462550_A_G	G	A	0.991931	119462550
4	4:119462620_C_T	T	C	0.299602	119462620
4	4:119462832_A_G	G	A	0.0325247	119462832
4	4:119463031_C_T	T	C	0.700392	119463031
4	4:119463039_C_G	G	C	0.700402	119463039
4	4:119463098_A_C	C	A	0.299618	119463098
4	4:119463167_C_G	G	C	0.299544	119463167
4	4:119463202_A_G	G	A	0.299598	119463202
4	4:119463272_C_T	T	C	0.994196	119463272
4	4:119463276_A_G	G	A	0.700502	119463276
4	4:119463409_A_G	G	A	0.299598	119463409
4	4:119463648_C_T	T	C	0.299582	119463648
4	4:119463724_A_G	G	A	0.299439	119463724
4	4:119463895_T_TCA	TCA	T	0.0148602	119463895
4	4:119464148_A_G	G	A	0.013526	119464148
4	4:119464165_A_C	C	A	0.29959	119464165
4	4:119464186_C_T	T	C	0.29959	119464186
4	4:119464316_C_T	T	C	0.964194	119464316
4	4:119464317_A_G	G	A	0.515505	119464317
4	4:119464330_A_G	G	A	0.29957	119464330
4	4:119464526_A_G	G	A	0.299735	119464526
4	4:119464920_C_T	T	C	0.993426	119464920
4	4:119465073_C_G	G	C	0.969039	119465073
4	4:119465272_A_T	T	A	0.967495	119465272
4	4:119465442_A_G	G	A	0.700436	119465442
4	4:119465472_C_T	T	C	0.700406	119465472
4	4:119465521_C_T	T	C	0.967386	119465521
4	4:119465522_A_G	G	A	0.299825	119465522
4	4:119465575_C_T	T	C	0.299618	119465575
4	4:119465598_C_T	T	C	0.299459	119465598
4	4:119465721_C_T	T	C	0.29962	119465721
4	4:119465750_A_G	G	A	0.965804	119465750
4	4:119465785_C_T	T	C	0.994555	119465785
4	4:119465871_A_G	G	A	0.299536	119465871
4	4:119465883_A_G	G	A	0.00565791	119465883
4	4:119465900_C_T	T	C	0.700412	119465900
4	4:119465947_C_T	T	C	0.299594	119465947
4	4:119465955_A_C	C	A	0.700406	119465955
4	4:119466104_A_G	G	A	0.299737	119466104
4	4:119466341_G_T	T	G	0.29959	119466341
4	4:119466652_C_CTTCT	CTTCT	C	0.181879	119466652
4	4:119466777_A_T	T	A	0.29954	119466777
4	4:119466791_A_G	G	A	0.700519	119466791
4	4:119466941_A_G	G	A	0.00538639	119466941
4	4:119467075_A_G	G	A	0.299594	119467075
4	4:119467100_A_G	G	A	0.299558	119467100
4	4:119467251_C_T	T	C	0.70035	119467251
4	4:119467455_C_T	T	C	0.986838	119467455
4	4:119467892_C_T	T	C	0.701458	119467892
4	4:119468214_A_G	G	A	0.700609	119468214
4	4:119468877_A_G	G	A	0.700306	119468877
4	4:119468997_A_G	G	A	0.299576	119468997
4	4:119469204_C_T	T	C	0.700454	119469204
4	4:119469335_T_TC	TC	T	0.700617	119469335
4	4:119469636_A_G	G	A	0.700426	119469636
4	4:119469747_A_G	G	A	0.986817	119469747
4	4:119470103_A_G	G	A	0.700402	119470103
4	4:119470371_A_G	G	A	0.0326139	119470371
4	4:119470473_C_T	T	C	0.700402	119470473
4	4:119470477_C_T	T	C	0.700402	119470477
4	4:119470929_C_T	T	C	0.700402	119470929
4	4:119471070_C_T	T	C	0.232516	119471070
4	4:119471151_A_G	G	A	0.987329	119471151
4	4:119471209_C_T	T	C	0.818014	119471209
4	4:119471288_A_G	G	A	0.299628	119471288
4	4:119471418_A_G	G	A	0.967827	119471418
4	4:119471419_C_T	T	C	0.967836	119471419
4	4:119471420_A_T	T	A	0.0321734	119471420
4	4:119471529_G_T	T	G	0.967255	119471529
4	4:119471530_C_T	T	C	0.967255	119471530
4	4:119471718_A_G	G	A	0.299729	119471718
4	4:119471856_A_T	T	A	0.700177	119471856
4	4:119472197_C_CCACT	CCACT	C	0.967514	119472197
4	4:119472356_A_G	G	A	0.299727	119472356
4	4:119472614_C_T	T	C	0.299602	119472614
4	4:119472631_C_T	T	C	0.700406	119472631
4	4:119472640_C_T	T	C	0.987079	119472640
4	4:119472855_A_G	G	A	0.700479	119472855
4	4:119472888_C_T	T	C	0.985125	119472888
4	4:119473076_C_T	T	C	0.299881	119473076
4	4:119473171_C_T	T	C	0.00566686	119473171
4	4:119473275_A_C	C	A	0.00519974	119473275
4	4:119473379_A_G	G	A	0.299443	119473379
4	4:119473380_C_T	T	C	0.299399	119473380
4	4:119473444_T_TATCCATCCATCC	TATCCATCCATCC	T	0.0333958	119473444
4	4:119473600_C_G	G	C	0.0435541	119473600
4	4:119474060_A_AT	AT	A	0.0138934	119474060
4	4:119474580_C_T	T	C	0.667153	119474580
4	4:119474654_A_C	C	A	0.299272	119474654
4	4:119474818_A_G	G	A	0.967424	119474818
4	4:119474832_C_T	T	C	0.994386	119474832
4	4:119475521_C_T	T	C	0.00539985	119475521
4	4:119475647_A_T	T	A	0.299266	119475647
4	4:119475773_A_G	G	A	0.968692	119475773
4	4:119476327_A_G	G	A	0.993117	119476327
4	4:119476617_A_G	G	A	0.965939	119476617
4	4:119476674_A_G	G	A	0.299314	119476674
4	4:119476862_C_T	T	C	0.972634	119476862
4	4:119477027_C_T	T	C	0.33226	119477027
4	4:119477081_A_T	T	A	0.70084900000000006	119477081
4	4:119478350_A_G	G	A	0.81837	119478350
4	4:119478367_A_G	G	A	0.967366	119478367
4	4:119478548_A_G	G	A	0.0058074	119478548
4	4:119478751_A_G	G	A	0.700819	119478751
4	4:119479807_C_T	T	C	0.967845	119479807
4	4:119480624_A_G	G	A	0.299183	119480624
4	4:119480680_A_G	G	A	0.667234	119480680
4	4:119480924_G_T	T	G	0.667177	119480924
4	4:119481467_C_T	T	C	0.299167	119481467
4	4:119481547_A_C	C	A	0.70079	119481547
4	4:119481846_C_T	T	C	0.98716	119481846
4	4:119482888_G_T	T	G	0.299224	119482888
4	4:119483113_C_T	T	C	0.299064	119483113
4	4:119483305_C_T	T	C	0.818601	119483305
4	4:119483841_C_T	T	C	0.927052	119483841
4	4:119484031_A_G	G	A	0.299179	119484031
4	4:119484107_A_G	G	A	0.514497	119484107
4	4:119484211_C_G	G	C	0.299139	119484211
4	4:119484212_A_T	T	A	0.700851	119484212
4	4:119484763_G_GT	GT	G	0.299409	119484763
4	4:119484774_A_T	T	A	0.514005	119484774
4	4:119484875_C_T	T	C	0.700791	119484875
4	4:119485147_A_G	G	A	0.484658	119485147
4	4:119485518_A_G	G	A	0.991242	119485518
4	4:119485693_A_G	G	A	0.0324816	119485693
4	4:119486668_A_G	G	A	0.81779	119486668
4	4:119486953_C_T	T	C	0.515736	119486953
4	4:119487266_A_G	G	A	0.81787	119487266
4	4:119487677_C_T	T	C	0.967778	119487677
4	4:119487776_G_T	T	G	0.29919	119487776
4	4:119487997_C_T	T	C	0.29895	119487997
4	4:119488394_A_G	G	A	0.299353	119488394
4	4:119488539_C_G	G	C	0.299153	119488539
4	4:119488808_C_T	T	C	0.298984	119488808
4	4:119489090_A_T	T	A	0.967516	119489090
4	4:119489452_A_C	C	A	0.700863	119489452
4	4:119489695_A_ACCT	ACCT	A	0.0177963	119489695
4	4:119490100_C_T	T	C	0.299164	119490100
4	4:119490225_A_G	G	A	0.98592900000000006	119490225
4	4:119490407_C_T	T	C	0.700776	119490407
4	4:119490752_C_T	T	C	0.299164	119490752
4	4:119491302_C_G	G	C	0.299176	119491302
4	4:119491906_A_T	T	A	0.299164	119491906
4	4:119491999_C_T	T	C	0.700861	119491999
4	4:119492154_T_TATTCTC	TATTCTC	T	0.299581	119492154
4	4:119492841_C_T	T	C	0.991355	119492841
4	4:119493538_A_C	C	A	0.700808	119493538
4	4:119493610_A_G	G	A	0.994267	119493610
4	4:119493612_A_T	T	A	0.00573311	119493612
4	4:119494057_C_T	T	C	0.85226	119494057
4	4:119494521_A_G	G	A	0.0273124	119494521
4	4:119494941_C_T	T	C	0.0322123	119494941
4	4:119495290_C_T	T	C	0.852102	119495290
4	4:119495633_C_T	T	C	0.299152	119495633
4	4:119495717_A_G	G	A	0.70084	119495717
4	4:119496101_A_G	G	A	0.0405338	119496101
4	4:119496116_C_T	T	C	0.00655672	119496116
4	4:119497683_C_G	G	C	0.700943	119497683
4	4:119498145_C_T	T	C	0.0325543	119498145
4	4:119498824_C_CA	CA	C	0.986943	119498824
4	4:119499179_C_T	T	C	0.299573	119499179
4	4:119500056_C_T	T	C	0.700828	119500056
4	4:119500654_A_G	G	A	0.514706	119500654
4	4:119500702_A_T	T	A	0.0336838	119500702
4	4:119500814_A_G	G	A	0.299071	119500814
4	4:119501481_C_T	T	C	0.299528	119501481
4	4:119501583_A_G	G	A	0.181458	119501583
4	4:119501697_C_T	T	C	0.29951	119501697
4	4:119501734_C_CAG	CAG	C	0.0359149	119501734
4	4:119501939_A_G	G	A	0.135825	119501939
4	4:119502293_A_G	G	A	0.700516	119502293
4	4:119502303_G_T	T	G	0.00876928	119502303
4	4:119502325_C_G	G	C	0.702201	119502325
4	4:119502564_C_T	T	C	0.700492	119502564
4	4:119502574_C_T	T	C	0.299298	119502574
4	4:119502780_C_G	G	C	0.29953	119502780
4	4:119502932_C_T	T	C	0.515781	119502932
4	4:119503017_A_C	C	A	0.700518	119503017
4	4:119503281_A_G	G	A	0.0296007	119503281
4	4:119503425_G_T	T	G	0.192347	119503425
4	4:119503579_C_G	G	C	0.032591	119503579
4	4:119503896_A_C	C	A	0.98638	119503896
4	4:119504060_A_G	G	A	0.511801	119504060
4	4:119504069_A_G	G	A	0.41793	119504069
4	4:119504091_A_G	G	A	0.189572	119504091
4	4:119504622_A_C	C	A	0.699508	119504622
4	4:119504785_C_T	T	C	0.0337951	119504785
4	4:119505275_C_T	T	C	0.301117	119505275
4	4:119505593_C_T	T	C	0.0120178	119505593
4	4:119505903_C_T	T	C	0.990332	119505903
4	4:119505936_C_T	T	C	0.992864	119505936
4	4:119506334_A_C	C	A	0.332785	119506334
4	4:119506454_A_G	G	A	0.0331134	119506454
4	4:119506577_A_G	G	A	0.514351	119506577
4	4:119506689_C_T	T	C	0.300075	119506689
4	4:119506846_A_G	G	A	0.0258216	119506846
4	4:119506878_A_G	G	A	0.299885	119506878
4	4:119506943_A_G	G	A	0.299825	119506943
4	4:119506946_A_T	T	A	0.700252	119506946
4	4:119506962_C_T	T	C	0.967448	119506962
4	4:119507154_C_T	T	C	0.700107	119507154
4	4:119507249_A_G	G	A	0.818888	119507249
4	4:119507498_C_T	T	C	0.0325812	119507498
4	4:119508494_C_T	T	C	0.984094	119508494
4	4:119508517_A_C	C	A	0.010481	119508517
4	4:119508726_A_ATACT	ATACT	A	0.299853	119508726
4	4:119508797_A_C	C	A	0.700048	119508797
4	4:119509632_A_G	G	A	0.965905	119509632
